id,country_code,country_name,year,gdp_current_usd,gdp_per_capita_usd,gdp_category,created_at
1,1A,Arab World,2019,2949355029586,6638.49,Upper middle income,2025-08-21 19:04:59.865873
2,1A,Arab World,2020,2596422612311,5722.48,Upper middle income,2025-08-21 19:04:59.865873
3,1A,Arab World,2021,3077906530882,6681.71,Upper middle income,2025-08-21 19:04:59.865873
4,1A,Arab World,2022,3738584480489,7931.62,Upper middle income,2025-08-21 19:04:59.865873
5,1A,Arab World,2023,3606002342262,7479.69,Upper middle income,2025-08-21 19:04:59.865873
6,1W,World,2019,88492389499432,11376.82,Upper middle income,2025-08-21 19:04:59.865873
7,1W,World,2020,86116567565730,10963.18,Upper middle income,2025-08-21 19:04:59.865873
8,1W,World,2021,98365745535038,12418.57,Upper middle income,2025-08-21 19:04:59.865873
9,1W,World,2022,102434886179161,12819.74,High income,2025-08-21 19:04:59.865873
10,1W,World,2023,106970781305675,13263.62,High income,2025-08-21 19:04:59.865873
11,4E,East Asia & Pacific (excluding high income),2019,17503362758567,8286.44,Upper middle income,2025-08-21 19:04:59.865873
12,4E,East Asia & Pacific (excluding high income),2020,17805361735240,8391.37,Upper middle income,2025-08-21 19:04:59.865873
13,4E,East Asia & Pacific (excluding high income),2021,21231549654293,9974.64,Upper middle income,2025-08-21 19:04:59.865873
14,4E,East Asia & Pacific (excluding high income),2022,21563623056098,10106.87,Upper middle income,2025-08-21 19:04:59.865873
15,4E,East Asia & Pacific (excluding high income),2023,21644107579563,10125.77,Upper middle income,2025-08-21 19:04:59.865873
16,7E,Europe & Central Asia (excluding high income),2019,1498314108819,6020.64,Upper middle income,2025-08-21 19:04:59.865873
17,7E,Europe & Central Asia (excluding high income),2020,1437141951951,5733.42,Upper middle income,2025-08-21 19:04:59.865873
18,7E,Europe & Central Asia (excluding high income),2021,1670340539745,6623.35,Upper middle income,2025-08-21 19:04:59.865873
19,7E,Europe & Central Asia (excluding high income),2022,1817993344339,7247.61,Upper middle income,2025-08-21 19:04:59.865873
20,7E,Europe & Central Asia (excluding high income),2023,2134737666917,8571.41,Upper middle income,2025-08-21 19:04:59.865873
21,8S,South Asia,2019,3318484576527,2067.06,Lower middle income,2025-08-21 19:04:59.865873
22,8S,South Asia,2020,3172770463749,1957.20,Lower middle income,2025-08-21 19:04:59.865873
23,8S,South Asia,2021,3717045071833,2273.72,Lower middle income,2025-08-21 19:04:59.865873
24,8S,South Asia,2022,3930640282535,2385.08,Lower middle income,2025-08-21 19:04:59.865873
25,8S,South Asia,2023,4210278492153,2532.38,Lower middle income,2025-08-21 19:04:59.865873
26,AD,Andorra,2019,3155149348,41257.80,High income,2025-08-21 19:04:59.865873
27,AD,Andorra,2020,2891001149,37361.09,High income,2025-08-21 19:04:59.865873
28,AD,Andorra,2021,3324647529,42425.70,High income,2025-08-21 19:04:59.865873
29,AD,Andorra,2022,3380612573,42414.06,High income,2025-08-21 19:04:59.865873
30,AD,Andorra,2023,3785067332,46812.45,High income,2025-08-21 19:04:59.865873
31,AF,Afghanistan,2019,18799444490,496.60,Low income,2025-08-21 19:04:59.865873
32,AF,Afghanistan,2020,19955929052,510.79,Low income,2025-08-21 19:04:59.865873
33,AF,Afghanistan,2021,14259995441,356.50,Low income,2025-08-21 19:04:59.865873
34,AF,Afghanistan,2022,14497243872,357.26,Low income,2025-08-21 19:04:59.865873
35,AF,Afghanistan,2023,17152234637,413.76,Low income,2025-08-21 19:04:59.865873
36,AG,Antigua and Barbuda,2019,1726448148,18896.37,High income,2025-08-21 19:04:59.865873
37,AG,Antigua and Barbuda,2020,1411637037,15369.61,High income,2025-08-21 19:04:59.865873
38,AG,Antigua and Barbuda,2021,1602125926,17348.60,High income,2025-08-21 19:04:59.865873
39,AG,Antigua and Barbuda,2022,1866566667,20105.20,High income,2025-08-21 19:04:59.865873
40,AG,Antigua and Barbuda,2023,2005785185,21494.55,High income,2025-08-21 19:04:59.865873
41,AL,Albania,2019,15585111614,5460.43,Upper middle income,2025-08-21 19:04:59.865873
42,AL,Albania,2020,15241455556,5370.78,Upper middle income,2025-08-21 19:04:59.865873
43,AL,Albania,2021,18032009220,6413.28,Upper middle income,2025-08-21 19:04:59.865873
44,AL,Albania,2022,19017244117,6846.43,Upper middle income,2025-08-21 19:04:59.865873
45,AL,Albania,2023,23547180412,8575.17,Upper middle income,2025-08-21 19:04:59.865873
46,AM,Armenia,2019,13619290539,4597.23,Upper middle income,2025-08-21 19:04:59.865873
47,AM,Armenia,2020,12641698583,4268.68,Upper middle income,2025-08-21 19:04:59.865873
48,AM,Armenia,2021,13878908629,4685.18,Upper middle income,2025-08-21 19:04:59.865873
49,AM,Armenia,2022,19513506553,6571.97,Upper middle income,2025-08-21 19:04:59.865873
50,AM,Armenia,2023,24085749592,8125.27,Upper middle income,2025-08-21 19:04:59.865873
51,AO,Angola,2019,70897962732,2189.86,Lower middle income,2025-08-21 19:04:59.865873
52,AO,Angola,2020,48501561204,1449.92,Lower middle income,2025-08-21 19:04:59.865873
53,AO,Angola,2021,66505129988,1925.87,Lower middle income,2025-08-21 19:04:59.865873
54,AO,Angola,2022,104399746853,2929.69,Lower middle income,2025-08-21 19:04:59.865873
55,AO,Angola,2023,84875162197,2309.53,Lower middle income,2025-08-21 19:04:59.865873
56,AR,Argentina,2019,447754683615,9955.97,Upper middle income,2025-08-21 19:04:59.865873
57,AR,Argentina,2020,385740508437,8535.60,Upper middle income,2025-08-21 19:04:59.865873
58,AR,Argentina,2021,486564085480,10738.02,Upper middle income,2025-08-21 19:04:59.865873
59,AR,Argentina,2022,632790070063,13935.68,High income,2025-08-21 19:04:59.865873
60,AR,Argentina,2023,646075277525,14187.48,High income,2025-08-21 19:04:59.865873
61,AS,American Samoa,2019,647000000,12886.14,High income,2025-08-21 19:04:59.865873
62,AS,American Samoa,2020,721000000,14489.26,High income,2025-08-21 19:04:59.865873
63,AS,American Samoa,2021,750000000,15236.16,High income,2025-08-21 19:04:59.865873
64,AS,American Samoa,2022,871000000,18017.46,High income,2025-08-21 19:04:59.865873
65,AT,Austria,2019,442983642372,49885.99,High income,2025-08-21 19:04:59.865873
66,AT,Austria,2020,434397601558,48716.41,High income,2025-08-21 19:04:59.865873
67,AT,Austria,2021,480467037339,53648.72,High income,2025-08-21 19:04:59.865873
68,AT,Austria,2022,471773629830,52176.66,High income,2025-08-21 19:04:59.865873
69,AT,Austria,2023,511685203845,56033.57,High income,2025-08-21 19:04:59.865873
70,AU,Australia,2019,1392723834563,54972.70,High income,2025-08-21 19:04:59.865873
71,AU,Australia,2020,1328414058378,51791.54,High income,2025-08-21 19:04:59.865873
72,AU,Australia,2021,1556735770437,60607.78,High income,2025-08-21 19:04:59.865873
73,AU,Australia,2022,1690858246994,64997.01,High income,2025-08-21 19:04:59.865873
74,AU,Australia,2023,1728057316696,64835.92,High income,2025-08-21 19:04:59.865873
75,AW,Aruba,2019,3395798883,31096.21,High income,2025-08-21 19:04:59.865873
76,AW,Aruba,2020,2481857123,22855.93,High income,2025-08-21 19:04:59.865873
77,AW,Aruba,2021,2929446578,27200.06,High income,2025-08-21 19:04:59.865873
78,AW,Aruba,2022,3279343544,30559.53,High income,2025-08-21 19:04:59.865873
79,AW,Aruba,2023,3648573136,33984.79,High income,2025-08-21 19:04:59.865873
80,AZ,Azerbaijan,2019,48174235294,4805.75,Upper middle income,2025-08-21 19:04:59.865873
81,AZ,Azerbaijan,2020,42693000000,4229.91,Upper middle income,2025-08-21 19:04:59.865873
82,AZ,Azerbaijan,2021,54825411765,5408.05,Upper middle income,2025-08-21 19:04:59.865873
83,AZ,Azerbaijan,2022,78807470588,7770.59,Upper middle income,2025-08-21 19:04:59.865873
84,AZ,Azerbaijan,2023,72428470588,7133.03,Upper middle income,2025-08-21 19:04:59.865873
85,B8,Central Europe and the Baltics,2019,1686042070714,16551.85,High income,2025-08-21 19:04:59.865873
86,B8,Central Europe and the Baltics,2020,1679770251032,16595.94,High income,2025-08-21 19:04:59.865873
87,B8,Central Europe and the Baltics,2021,1927940096544,19239.82,High income,2025-08-21 19:04:59.865873
88,B8,Central Europe and the Baltics,2022,1956274288914,19548.69,High income,2025-08-21 19:04:59.865873
89,B8,Central Europe and the Baltics,2023,2273945434904,22699.54,High income,2025-08-21 19:04:59.865873
90,BA,Bosnia and Herzegovina,2019,20482608755,6122.38,Upper middle income,2025-08-21 19:04:59.865873
91,BA,Bosnia and Herzegovina,2020,20226036564,6130.31,Upper middle income,2025-08-21 19:04:59.865873
92,BA,Bosnia and Herzegovina,2021,23672712242,7295.34,Upper middle income,2025-08-21 19:04:59.865873
93,BA,Bosnia and Herzegovina,2022,24534663636,7655.59,Upper middle income,2025-08-21 19:04:59.865873
94,BA,Bosnia and Herzegovina,2023,27592361388,8663.02,Upper middle income,2025-08-21 19:04:59.865873
95,BB,Barbados,2019,5788288000,20583.73,High income,2025-08-21 19:04:59.865873
96,BB,Barbados,2020,5168344450,18347.11,High income,2025-08-21 19:04:59.865873
97,BB,Barbados,2021,5275242050,18696.79,High income,2025-08-21 19:04:59.865873
98,BB,Barbados,2022,6257303500,22164.03,High income,2025-08-21 19:04:59.865873
99,BB,Barbados,2023,6720733200,23804.02,High income,2025-08-21 19:04:59.865873
100,BD,Bangladesh,2019,351231654604,2129.80,Lower middle income,2025-08-21 19:04:59.865873
101,BD,Bangladesh,2020,373979442362,2248.85,Lower middle income,2025-08-21 19:04:59.865873
102,BD,Bangladesh,2021,416271647911,2482.85,Lower middle income,2025-08-21 19:04:59.865873
103,BD,Bangladesh,2022,460131689083,2716.49,Lower middle income,2025-08-21 19:04:59.865873
104,BD,Bangladesh,2023,437415333018,2551.02,Lower middle income,2025-08-21 19:04:59.865873
105,BE,Belgium,2019,536726344405,46716.62,High income,2025-08-21 19:04:59.865873
106,BE,Belgium,2020,529694473502,45906.29,High income,2025-08-21 19:04:59.865873
107,BE,Belgium,2021,598522422242,51658.24,High income,2025-08-21 19:04:59.865873
108,BE,Belgium,2022,593614574326,50822.25,High income,2025-08-21 19:04:59.865873
109,BE,Belgium,2023,644655275112,54690.09,High income,2025-08-21 19:04:59.865873
110,BF,Burkina Faso,2019,16032813503,764.85,Low income,2025-08-21 19:04:59.865873
111,BF,Burkina Faso,2020,17725010533,825.24,Low income,2025-08-21 19:04:59.865873
112,BF,Burkina Faso,2021,19697516284,895.54,Low income,2025-08-21 19:04:59.865873
113,BF,Burkina Faso,2022,18820218691,836.12,Low income,2025-08-21 19:04:59.865873
114,BF,Burkina Faso,2023,20324617845,882.69,Low income,2025-08-21 19:04:59.865873
115,BG,Bulgaria,2019,68634004792,10372.80,Upper middle income,2025-08-21 19:04:59.865873
116,BG,Bulgaria,2020,70550652467,10769.95,Upper middle income,2025-08-21 19:04:59.865873
117,BG,Bulgaria,2021,84414122840,12972.22,High income,2025-08-21 19:04:59.865873
118,BG,Bulgaria,2022,90509236929,13999.67,High income,2025-08-21 19:04:59.865873
119,BG,Bulgaria,2023,102396840296,15883.86,High income,2025-08-21 19:04:59.865873
120,BH,Bahrain,2019,40446808511,27259.74,High income,2025-08-21 19:04:59.865873
121,BH,Bahrain,2020,35837632979,24342.84,High income,2025-08-21 19:04:59.865873
122,BH,Bahrain,2021,40840212766,27147.81,High income,2025-08-21 19:04:59.865873
123,BH,Bahrain,2022,46458191489,30470.52,High income,2025-08-21 19:04:59.865873
124,BH,Bahrain,2023,46192260638,29290.13,High income,2025-08-21 19:04:59.865873
125,BI,Burundi,2019,2576518880,210.24,Low income,2025-08-21 19:04:59.865873
126,BI,Burundi,2020,2649680261,210.01,Low income,2025-08-21 19:04:59.865873
127,BI,Burundi,2021,2775798697,214.09,Low income,2025-08-21 19:04:59.865873
128,BI,Burundi,2022,3338722828,250.63,Low income,2025-08-21 19:04:59.865873
129,BI,Burundi,2023,2629391600,192.07,Low income,2025-08-21 19:04:59.865873
130,BJ,Benin,2019,14391686313,1130.82,Lower middle income,2025-08-21 19:04:59.865873
131,BJ,Benin,2020,15686741894,1200.19,Lower middle income,2025-08-21 19:04:59.865873
132,BJ,Benin,2021,17687623535,1318.65,Lower middle income,2025-08-21 19:04:59.865873
133,BJ,Benin,2022,17425405084,1266.43,Lower middle income,2025-08-21 19:04:59.865873
134,BJ,Benin,2023,19673290996,1394.18,Lower middle income,2025-08-21 19:04:59.865873
135,BM,Bermuda,2019,7423465000,115798.04,High income,2025-08-21 19:04:59.865873
136,BM,Bermuda,2020,6887364000,106976.55,High income,2025-08-21 19:04:59.865873
137,BM,Bermuda,2021,7290037000,112765.08,High income,2025-08-21 19:04:59.865873
138,BM,Bermuda,2022,7874381000,121613.94,High income,2025-08-21 19:04:59.865873
139,BM,Bermuda,2023,8579242000,132604.44,High income,2025-08-21 19:04:59.865873
140,BN,Brunei Darussalam,2019,13469235348,30426.57,High income,2025-08-21 19:04:59.865873
141,BN,Brunei Darussalam,2020,12005799664,26834.36,High income,2025-08-21 19:04:59.865873
142,BN,Brunei Darussalam,2021,14006496614,31006.96,High income,2025-08-21 19:04:59.865873
143,BN,Brunei Darussalam,2022,16681536443,36632.93,High income,2025-08-21 19:04:59.865873
144,BN,Brunei Darussalam,2023,15095084686,32890.55,High income,2025-08-21 19:04:59.865873
145,BO,Bolivia,2019,40895322851,3503.90,Lower middle income,2025-08-21 19:04:59.865873
146,BO,Bolivia,2020,36629843806,3099.94,Lower middle income,2025-08-21 19:04:59.865873
147,BO,Bolivia,2021,40406111693,3384.84,Lower middle income,2025-08-21 19:04:59.865873
148,BO,Bolivia,2022,44008282880,3643.93,Lower middle income,2025-08-21 19:04:59.865873
149,BO,Bolivia,2023,45135398003,3686.28,Lower middle income,2025-08-21 19:04:59.865873
150,BR,Brazil,2019,1873288205060,9029.83,Upper middle income,2025-08-21 19:04:59.865873
151,BR,Brazil,2020,1476107231310,7074.19,Upper middle income,2025-08-21 19:04:59.865873
152,BR,Brazil,2021,1670647398905,7972.54,Upper middle income,2025-08-21 19:04:59.865873
153,BR,Brazil,2022,1951923942083,9281.33,Upper middle income,2025-08-21 19:04:59.865873
154,BR,Brazil,2023,2191131765685,10377.59,Upper middle income,2025-08-21 19:04:59.865873
155,BS,"Bahamas, The",2019,13277000000,33640.34,High income,2025-08-21 19:04:59.865873
156,BS,"Bahamas, The",2020,10363200000,26178.75,High income,2025-08-21 19:04:59.865873
157,BS,"Bahamas, The",2021,12037000000,30367.86,High income,2025-08-21 19:04:59.865873
158,BS,"Bahamas, The",2022,13896800000,34957.16,High income,2025-08-21 19:04:59.865873
159,BS,"Bahamas, The",2023,15271300000,38231.77,High income,2025-08-21 19:04:59.865873
160,BT,Bhutan,2019,2735683570,3576.88,Lower middle income,2025-08-21 19:04:59.865873
161,BT,Bhutan,2020,2457604334,3191.67,Lower middle income,2025-08-21 19:04:59.865873
162,BT,Bhutan,2021,2768802960,3570.61,Lower middle income,2025-08-21 19:04:59.865873
163,BT,Bhutan,2022,2898227744,3711.33,Lower middle income,2025-08-21 19:04:59.865873
164,BT,Bhutan,2023,3019253885,3839.41,Lower middle income,2025-08-21 19:04:59.865873
165,BW,Botswana,2019,16725908149,7172.09,Upper middle income,2025-08-21 19:04:59.865873
166,BW,Botswana,2020,14960251611,6323.30,Upper middle income,2025-08-21 19:04:59.865873
167,BW,Botswana,2021,18750182235,7807.89,Upper middle income,2025-08-21 19:04:59.865873
168,BW,Botswana,2022,20321150598,8328.71,Upper middle income,2025-08-21 19:04:59.865873
169,BW,Botswana,2023,19411266967,7826.35,Upper middle income,2025-08-21 19:04:59.865873
170,BY,Belarus,2019,64410170653,6837.77,Upper middle income,2025-08-21 19:04:59.865873
171,BY,Belarus,2020,61371673345,6542.86,Upper middle income,2025-08-21 19:04:59.865873
172,BY,Belarus,2021,69673747132,7489.72,Upper middle income,2025-08-21 19:04:59.865873
173,BY,Belarus,2022,73775179925,7994.65,Upper middle income,2025-08-21 19:04:59.865873
174,BY,Belarus,2023,72478760370,7896.75,Upper middle income,2025-08-21 19:04:59.865873
175,BZ,Belize,2019,2388300000,6190.05,Upper middle income,2025-08-21 19:04:59.865873
176,BZ,Belize,2020,2042850000,5227.19,Upper middle income,2025-08-21 19:04:59.865873
177,BZ,Belize,2021,2420550000,6122.61,Upper middle income,2025-08-21 19:04:59.865873
178,BZ,Belize,2022,2846700000,7068.45,Upper middle income,2025-08-21 19:04:59.865873
179,BZ,Belize,2023,3066850000,7460.00,Upper middle income,2025-08-21 19:04:59.865873
180,CA,Canada,2019,1743725183673,46352.87,High income,2025-08-21 19:04:59.865873
181,CA,Canada,2020,1655684730000,43537.84,High income,2025-08-21 19:04:59.865873
182,CA,Canada,2021,2022378748423,52886.66,High income,2025-08-21 19:04:59.865873
183,CA,Canada,2022,2190411080134,56256.80,High income,2025-08-21 19:04:59.865873
184,CA,Canada,2023,2173339670064,54220.33,High income,2025-08-21 19:04:59.865873
185,CD,"Congo, Dem. Rep.",2019,51775829877,557.04,Low income,2025-08-21 19:04:59.865873
186,CD,"Congo, Dem. Rep.",2020,48716961860,507.52,Low income,2025-08-21 19:04:59.865873
187,CD,"Congo, Dem. Rep.",2021,55328482784,558.03,Low income,2025-08-21 19:04:59.865873
188,CD,"Congo, Dem. Rep.",2022,65801547756,642.61,Low income,2025-08-21 19:04:59.865873
189,CD,"Congo, Dem. Rep.",2023,67006756666,633.40,Low income,2025-08-21 19:04:59.865873
190,CF,Central African Republic,2019,2221301351,449.23,Low income,2025-08-21 19:04:59.865873
191,CF,Central African Republic,2020,2326720900,462.88,Low income,2025-08-21 19:04:59.865873
192,CF,Central African Republic,2021,2516498412,492.26,Low income,2025-08-21 19:04:59.865873
193,CF,Central African Republic,2022,2382618615,467.36,Low income,2025-08-21 19:04:59.865873
194,CF,Central African Republic,2023,2555492086,495.98,Low income,2025-08-21 19:04:59.865873
195,CG,"Congo, Rep.",2019,13976637780,2488.42,Lower middle income,2025-08-21 19:04:59.865873
196,CG,"Congo, Rep.",2020,11468687464,1993.59,Lower middle income,2025-08-21 19:04:59.865873
197,CG,"Congo, Rep.",2021,14825690211,2516.16,Lower middle income,2025-08-21 19:04:59.865873
198,CG,"Congo, Rep.",2022,15817030157,2620.84,Lower middle income,2025-08-21 19:04:59.865873
199,CG,"Congo, Rep.",2023,15321055818,2477.98,Lower middle income,2025-08-21 19:04:59.865873
200,CI,Cote d'Ivoire,2019,60382894697,2141.77,Lower middle income,2025-08-21 19:04:59.865873
201,CI,Cote d'Ivoire,2020,63027852805,2179.73,Lower middle income,2025-08-21 19:04:59.865873
202,CI,Cote d'Ivoire,2021,72794636649,2455.98,Lower middle income,2025-08-21 19:04:59.865873
203,CI,Cote d'Ivoire,2022,70922824824,2333.37,Lower middle income,2025-08-21 19:04:59.865873
204,CI,Cote d'Ivoire,2023,79618056324,2554.67,Lower middle income,2025-08-21 19:04:59.865873
205,CL,Chile,2019,278285058719,14495.72,High income,2025-08-21 19:04:59.865873
206,CL,Chile,2020,254042159309,13114.82,High income,2025-08-21 19:04:59.865873
207,CL,Chile,2021,315325547162,16206.83,High income,2025-08-21 19:04:59.865873
208,CL,Chile,2022,301226575540,15405.62,High income,2025-08-21 19:04:59.865873
209,CL,Chile,2023,335518054098,17067.04,High income,2025-08-21 19:04:59.865873
210,CM,Cameroon,2019,39667757528,1555.23,Lower middle income,2025-08-21 19:04:59.865873
211,CM,Cameroon,2020,40773241177,1555.60,Lower middle income,2025-08-21 19:04:59.865873
212,CM,Cameroon,2021,45011937347,1672.33,Lower middle income,2025-08-21 19:04:59.865873
213,CM,Cameroon,2022,44347206073,1604.88,Lower middle income,2025-08-21 19:04:59.865873
214,CM,Cameroon,2023,49279410983,1736.86,Lower middle income,2025-08-21 19:04:59.865873
215,CN,China,2019,14560167101283,10342.90,Upper middle income,2025-08-21 19:04:59.865873
216,CN,China,2020,14996414166715,10627.46,Upper middle income,2025-08-21 19:04:59.865873
217,CN,China,2021,18201698719564,12887.44,High income,2025-08-21 19:04:59.865873
218,CN,China,2022,18316765021690,12970.61,High income,2025-08-21 19:04:59.865873
219,CN,China,2023,18270356654533,12951.18,High income,2025-08-21 19:04:59.865873
220,CO,Colombia,2019,323031701193,6472.55,Upper middle income,2025-08-21 19:04:59.865873
221,CO,Colombia,2020,270348342541,5339.69,Upper middle income,2025-08-21 19:04:59.865873
222,CO,Colombia,2021,318524633225,6222.62,Upper middle income,2025-08-21 19:04:59.865873
223,CO,Colombia,2022,345632492851,6680.45,Upper middle income,2025-08-21 19:04:59.865873
224,CO,Colombia,2023,366291836138,7000.84,Upper middle income,2025-08-21 19:04:59.865873
225,CR,Costa Rica,2019,64417670521,12884.69,High income,2025-08-21 19:04:59.865873
226,CR,Costa Rica,2020,62395610760,12394.05,Upper middle income,2025-08-21 19:04:59.865873
227,CR,Costa Rica,2021,64960725734,12838.12,High income,2025-08-21 19:04:59.865873
228,CR,Costa Rica,2022,69243626029,13625.90,High income,2025-08-21 19:04:59.865873
229,CR,Costa Rica,2023,86497941439,16942.03,High income,2025-08-21 19:04:59.865873
230,CU,Cuba,2019,103427600000,9232.26,Upper middle income,2025-08-21 19:04:59.865873
231,CU,Cuba,2020,107351800000,9605.26,Upper middle income,2025-08-21 19:04:59.865873
232,CV,Cabo Verde,2019,2252177124,4380.78,Upper middle income,2025-08-21 19:04:59.865873
233,CV,Cabo Verde,2020,1821565614,3539.23,Lower middle income,2025-08-21 19:04:59.865873
234,CV,Cabo Verde,2021,2051842619,3971.44,Lower middle income,2025-08-21 19:04:59.865873
235,CV,Cabo Verde,2022,2247003344,4323.31,Upper middle income,2025-08-21 19:04:59.865873
236,CV,Cabo Verde,2023,2539203429,4861.29,Upper middle income,2025-08-21 19:04:59.865873
237,CW,Curacao,2019,3026124116,19220.69,High income,2025-08-21 19:04:59.865873
238,CW,Curacao,2020,2534327592,16356.09,High income,2025-08-21 19:04:59.865873
239,CW,Curacao,2021,2739594360,17980.00,High income,2025-08-21 19:04:59.865873
240,CW,Curacao,2022,3075180835,20501.75,High income,2025-08-21 19:04:59.865873
241,CW,Curacao,2023,3281419347,21061.74,High income,2025-08-21 19:04:59.865873
242,CY,Cyprus,2019,26196667100,29703.05,High income,2025-08-21 19:04:59.865873
243,CY,Cyprus,2020,25555093854,28649.02,High income,2025-08-21 19:04:59.865873
244,CY,Cyprus,2021,30372642502,33734.04,High income,2025-08-21 19:04:59.865873
245,CY,Cyprus,2022,30935566077,33894.45,High income,2025-08-21 19:04:59.865873
246,CY,Cyprus,2023,33886930712,36551.42,High income,2025-08-21 19:04:59.865873
247,CZ,Czechia,2019,256794209029,24062.72,High income,2025-08-21 19:04:59.865873
248,CZ,Czechia,2020,251109660603,23472.89,High income,2025-08-21 19:04:59.865873
249,CZ,Czechia,2021,290972714482,27696.46,High income,2025-08-21 19:04:59.865873
250,CZ,Czechia,2022,301831228326,28282.22,High income,2025-08-21 19:04:59.865873
251,CZ,Czechia,2023,343206568135,31591.06,High income,2025-08-21 19:04:59.865873
252,DE,Germany,2019,3957208055216,47623.87,High income,2025-08-21 19:04:59.865873
253,DE,Germany,2020,3940142541354,47379.77,High income,2025-08-21 19:04:59.865873
254,DE,Germany,2021,4348297440388,52265.65,High income,2025-08-21 19:04:59.865873
255,DE,Germany,2022,4163596357879,49686.12,High income,2025-08-21 19:04:59.865873
256,DE,Germany,2023,4525703903628,53940.41,High income,2025-08-21 19:04:59.865873
257,DJ,Djibouti,2019,3088851450,2837.17,Lower middle income,2025-08-21 19:04:59.865873
258,DJ,Djibouti,2020,3144136197,2844.89,Lower middle income,2025-08-21 19:04:59.865873
259,DJ,Djibouti,2021,3392796953,3025.91,Lower middle income,2025-08-21 19:04:59.865873
260,DJ,Djibouti,2022,3562814909,3133.26,Lower middle income,2025-08-21 19:04:59.865873
261,DJ,Djibouti,2023,3917150481,3397.52,Lower middle income,2025-08-21 19:04:59.865873
262,DK,Denmark,2019,345401473013,59404.27,High income,2025-08-21 19:04:59.865873
263,DK,Denmark,2020,355631021932,60985.49,High income,2025-08-21 19:04:59.865873
264,DK,Denmark,2021,408378204640,69727.99,High income,2025-08-21 19:04:59.865873
265,DK,Denmark,2022,401945576108,68091.32,High income,2025-08-21 19:04:59.865873
266,DK,Denmark,2023,407091920305,68453.88,High income,2025-08-21 19:04:59.865873
267,DM,Dominica,2019,644259259,9491.15,Upper middle income,2025-08-21 19:04:59.865873
268,DM,Dominica,2020,528944444,7827.75,Upper middle income,2025-08-21 19:04:59.865873
269,DM,Dominica,2021,562911111,8376.40,Upper middle income,2025-08-21 19:04:59.865873
270,DM,Dominica,2022,623062963,9323.66,Upper middle income,2025-08-21 19:04:59.865873
271,DM,Dominica,2023,659311111,9912.96,Upper middle income,2025-08-21 19:04:59.865873
272,DO,Dominican Republic,2019,89146130745,8183.02,Upper middle income,2025-08-21 19:04:59.865873
273,DO,Dominican Republic,2020,78546672407,7135.22,Upper middle income,2025-08-21 19:04:59.865873
274,DO,Dominican Republic,2021,94850719517,8527.08,Upper middle income,2025-08-21 19:04:59.865873
275,DO,Dominican Republic,2022,113478087135,10104.24,Upper middle income,2025-08-21 19:04:59.865873
276,DO,Dominican Republic,2023,120456239154,10630.43,Upper middle income,2025-08-21 19:04:59.865873
277,DZ,Algeria,2019,193459662091,4468.45,Upper middle income,2025-08-21 19:04:59.865873
278,DZ,Algeria,2020,164873415325,3743.54,Lower middle income,2025-08-21 19:04:59.865873
279,DZ,Algeria,2021,186231205262,4160.56,Upper middle income,2025-08-21 19:04:59.865873
280,DZ,Algeria,2022,225638456572,4961.55,Upper middle income,2025-08-21 19:04:59.865873
281,DZ,Algeria,2023,247626161016,5364.03,Upper middle income,2025-08-21 19:04:59.865873
282,EC,Ecuador,2019,107595830000,6205.06,Upper middle income,2025-08-21 19:04:59.865873
283,EC,Ecuador,2020,95865473000,5463.65,Upper middle income,2025-08-21 19:04:59.865873
284,EC,Ecuador,2021,107179074000,6061.32,Upper middle income,2025-08-21 19:04:59.865873
285,EC,Ecuador,2022,116133121000,6515.59,Upper middle income,2025-08-21 19:04:59.865873
286,EC,Ecuador,2023,121147057000,6737.85,Upper middle income,2025-08-21 19:04:59.865873
287,EE,Estonia,2019,31873748770,24021.25,High income,2025-08-21 19:04:59.865873
288,EE,Estonia,2020,31820771494,23933.99,High income,2025-08-21 19:04:59.865873
289,EE,Estonia,2021,37204563051,27953.77,High income,2025-08-21 19:04:59.865873
290,EE,Estonia,2022,38376046175,28451.15,High income,2025-08-21 19:04:59.865873
291,EE,Estonia,2023,41291245222,30133.30,High income,2025-08-21 19:04:59.865873
292,EG,"Egypt, Arab Rep.",2019,318678815490,2962.99,Lower middle income,2025-08-21 19:04:59.865873
293,EG,"Egypt, Arab Rep.",2020,383817841547,3511.11,Lower middle income,2025-08-21 19:04:59.865873
294,EG,"Egypt, Arab Rep.",2021,424671765456,3827.35,Lower middle income,2025-08-21 19:04:59.865873
295,EG,"Egypt, Arab Rep.",2022,476747720365,4233.31,Upper middle income,2025-08-21 19:04:59.865873
296,EG,"Egypt, Arab Rep.",2023,395926075163,3456.79,Lower middle income,2025-08-21 19:04:59.865873
297,ET,Ethiopia,2019,95912620248,828.71,Low income,2025-08-21 19:04:59.865873
298,ET,Ethiopia,2020,107657732424,905.31,Low income,2025-08-21 19:04:59.865873
299,ET,Ethiopia,2021,111261888669,910.95,Low income,2025-08-21 19:04:59.865873
300,ET,Ethiopia,2022,126772707851,1011.07,Low income,2025-08-21 19:04:59.865873
301,EU,European Union,2019,15809298345792,35374.64,High income,2025-08-21 19:04:59.865873
302,EU,European Union,2020,15505708717749,34698.40,High income,2025-08-21 19:04:59.865873
303,EU,European Union,2021,17498522970845,39214.37,High income,2025-08-21 19:04:59.865873
304,EU,European Union,2022,16996087955140,37962.83,High income,2025-08-21 19:04:59.865873
305,EU,European Union,2023,18602672971722,41392.07,High income,2025-08-21 19:04:59.865873
306,F1,Fragile and conflict affected situations,2019,1850715484890,1898.51,Lower middle income,2025-08-21 19:04:59.865873
307,F1,Fragile and conflict affected situations,2020,1684325379798,1689.92,Lower middle income,2025-08-21 19:04:59.865873
308,F1,Fragile and conflict affected situations,2021,1796817600783,1763.85,Lower middle income,2025-08-21 19:04:59.865873
309,F1,Fragile and conflict affected situations,2022,1976548078586,1903.90,Lower middle income,2025-08-21 19:04:59.865873
310,F1,Fragile and conflict affected situations,2023,1886483505529,1781.86,Lower middle income,2025-08-21 19:04:59.865873
311,FI,Finland,2019,267014821129,48358.18,High income,2025-08-21 19:04:59.865873
312,FI,Finland,2020,270000311606,48828.68,High income,2025-08-21 19:04:59.865873
313,FI,Finland,2021,294223210496,53099.14,High income,2025-08-21 19:04:59.865873
314,FI,Finland,2022,280253099309,50440.56,High income,2025-08-21 19:04:59.865873
315,FI,Finland,2023,294950618733,52821.51,High income,2025-08-21 19:04:59.865873
316,FJ,Fiji,2019,5444407198,5950.83,Upper middle income,2025-08-21 19:04:59.865873
317,FJ,Fiji,2020,4432466220,4844.42,Upper middle income,2025-08-21 19:04:59.865873
318,FJ,Fiji,2021,4305031650,4696.17,Upper middle income,2025-08-21 19:04:59.865873
319,FJ,Fiji,2022,4969503549,5405.03,Upper middle income,2025-08-21 19:04:59.865873
320,FJ,Fiji,2023,5442046553,5888.74,Upper middle income,2025-08-21 19:04:59.865873
321,FM,"Micronesia, Fed. Sts.",2019,394000000,3572.66,Lower middle income,2025-08-21 19:04:59.865873
322,FM,"Micronesia, Fed. Sts.",2020,372902690,3362.03,Lower middle income,2025-08-21 19:04:59.865873
323,FM,"Micronesia, Fed. Sts.",2021,391601947,3508.22,Lower middle income,2025-08-21 19:04:59.865873
324,FM,"Micronesia, Fed. Sts.",2022,415956896,3710.12,Lower middle income,2025-08-21 19:04:59.865873
325,FM,"Micronesia, Fed. Sts.",2023,443916782,3941.37,Lower middle income,2025-08-21 19:04:59.865873
326,FO,Faroe Islands,2019,3266432734,63067.07,High income,2025-08-21 19:04:59.865873
327,FO,Faroe Islands,2020,3271813312,62240.82,High income,2025-08-21 19:04:59.865873
328,FO,Faroe Islands,2021,3664686797,68749.40,High income,2025-08-21 19:04:59.865873
329,FO,Faroe Islands,2022,3566698398,66139.38,High income,2025-08-21 19:04:59.865873
330,FO,Faroe Islands,2023,3907323961,71774.35,High income,2025-08-21 19:04:59.865873
331,FR,France,2019,2722793515172,40408.28,High income,2025-08-21 19:04:59.865873
332,FR,France,2020,2647926055110,39169.86,High income,2025-08-21 19:04:59.865873
333,FR,France,2021,2966433692008,43725.10,High income,2025-08-21 19:04:59.865873
334,FR,France,2022,2796302210399,41082.81,High income,2025-08-21 19:04:59.865873
335,FR,France,2023,3051831611385,44690.93,High income,2025-08-21 19:04:59.865873
336,GA,Gabon,2019,16874405465,7441.18,Upper middle income,2025-08-21 19:04:59.865873
337,GA,Gabon,2020,15342236164,6605.80,Upper middle income,2025-08-21 19:04:59.865873
338,GA,Gabon,2021,19444935097,8181.41,Upper middle income,2025-08-21 19:04:59.865873
339,GA,Gabon,2022,20440655695,8409.21,Upper middle income,2025-08-21 19:04:59.865873
340,GA,Gabon,2023,20055720403,8071.40,Upper middle income,2025-08-21 19:04:59.865873
341,GD,Grenada,2019,1213485185,10462.79,Upper middle income,2025-08-21 19:04:59.865873
342,GD,Grenada,2020,1043411111,8968.56,Upper middle income,2025-08-21 19:04:59.865873
343,GD,Grenada,2021,1122800000,9622.24,Upper middle income,2025-08-21 19:04:59.865873
344,GD,Grenada,2022,1231732104,10535.46,Upper middle income,2025-08-21 19:04:59.865873
345,GD,Grenada,2023,1323985600,11308.29,Upper middle income,2025-08-21 19:04:59.865873
346,GE,Georgia,2019,17638337117,4741.28,Upper middle income,2025-08-21 19:04:59.865873
347,GE,Georgia,2020,16010869216,4300.86,Upper middle income,2025-08-21 19:04:59.865873
348,GE,Georgia,2021,18853115589,5083.61,Upper middle income,2025-08-21 19:04:59.865873
349,GE,Georgia,2022,24984568960,6729.85,Upper middle income,2025-08-21 19:04:59.865873
350,GE,Georgia,2023,30777833601,8283.67,Upper middle income,2025-08-21 19:04:59.865873
351,GH,Ghana,2019,68352629246,2186.66,Lower middle income,2025-08-21 19:04:59.865873
352,GH,Ghana,2020,70008243860,2195.45,Lower middle income,2025-08-21 19:04:59.865873
353,GH,Ghana,2021,79514204730,2445.19,Lower middle income,2025-08-21 19:04:59.865873
354,GH,Ghana,2022,73919003210,2229.89,Lower middle income,2025-08-21 19:04:59.865873
355,GH,Ghana,2023,80547146878,2383.90,Lower middle income,2025-08-21 19:04:59.865873
356,GL,Greenland,2019,2997309972,53309.20,High income,2025-08-21 19:04:59.865873
357,GL,Greenland,2020,3089625554,54812.67,High income,2025-08-21 19:04:59.865873
358,GL,Greenland,2021,3293578468,58135.99,High income,2025-08-21 19:04:59.865873
359,GL,Greenland,2022,3152334772,55635.00,High income,2025-08-21 19:04:59.865873
360,GL,Greenland,2023,3326544174,58498.97,High income,2025-08-21 19:04:59.865873
361,GM,"Gambia, The",2019,1813609692,738.19,Low income,2025-08-21 19:04:59.865873
362,GM,"Gambia, The",2020,1812170891,720.34,Low income,2025-08-21 19:04:59.865873
363,GM,"Gambia, The",2021,2014158842,781.89,Low income,2025-08-21 19:04:59.865873
364,GM,"Gambia, The",2022,2204734527,836.24,Low income,2025-08-21 19:04:59.865873
365,GM,"Gambia, The",2023,2396111021,888.16,Low income,2025-08-21 19:04:59.865873
366,GN,Guinea,2019,13442861496,1031.34,Low income,2025-08-21 19:04:59.865873
367,GN,Guinea,2020,14088693743,1053.66,Lower middle income,2025-08-21 19:04:59.865873
368,GN,Guinea,2021,17069115738,1244.97,Lower middle income,2025-08-21 19:04:59.865873
369,GN,Guinea,2022,19910452542,1416.60,Lower middle income,2025-08-21 19:04:59.865873
370,GN,Guinea,2023,22407615556,1555.49,Lower middle income,2025-08-21 19:04:59.865873
371,GQ,Equatorial Guinea,2019,11364133550,6804.15,Upper middle income,2025-08-21 19:04:59.865873
372,GQ,Equatorial Guinea,2020,9893816008,5764.06,Upper middle income,2025-08-21 19:04:59.865873
373,GQ,Equatorial Guinea,2021,12215878033,6945.63,Upper middle income,2025-08-21 19:04:59.865873
374,GQ,Equatorial Guinea,2022,13687643436,7589.30,Upper middle income,2025-08-21 19:04:59.865873
375,GQ,Equatorial Guinea,2023,12337550584,6677.79,Upper middle income,2025-08-21 19:04:59.865873
376,GR,Greece,2019,207305649887,19335.36,High income,2025-08-21 19:04:59.865873
377,GR,Greece,2020,191362985555,17886.73,High income,2025-08-21 19:04:59.865873
378,GR,Greece,2021,218303801895,20654.70,High income,2025-08-21 19:04:59.865873
379,GR,Greece,2022,218880566444,20971.83,High income,2025-08-21 19:04:59.865873
380,GR,Greece,2023,243498333238,23400.73,High income,2025-08-21 19:04:59.865873
381,GT,Guatemala,2019,77172317259,4512.00,Upper middle income,2025-08-21 19:04:59.865873
382,GT,Guatemala,2020,77719464221,4477.62,Upper middle income,2025-08-21 19:04:59.865873
383,GT,Guatemala,2021,86455519687,4912.62,Upper middle income,2025-08-21 19:04:59.865873
384,GT,Guatemala,2022,95641441235,5358.70,Upper middle income,2025-08-21 19:04:59.865873
385,GT,Guatemala,2023,104368413483,5758.31,Upper middle income,2025-08-21 19:04:59.865873
386,GU,Guam,2019,6355000000,39274.94,High income,2025-08-21 19:04:59.865873
387,GU,Guam,2020,5916000000,36482.94,High income,2025-08-21 19:04:59.865873
388,GU,Guam,2021,6234000000,38074.88,High income,2025-08-21 19:04:59.865873
389,GU,Guam,2022,6910000000,41833.15,High income,2025-08-21 19:04:59.865873
390,GW,Guinea-Bissau,2019,1588767976,807.43,Low income,2025-08-21 19:04:59.865873
391,GW,Guinea-Bissau,2020,1683619352,836.27,Low income,2025-08-21 19:04:59.865873
392,GW,Guinea-Bissau,2021,1878659687,912.48,Low income,2025-08-21 19:04:59.865873
393,GW,Guinea-Bissau,2022,1839048748,873.44,Low income,2025-08-21 19:04:59.865873
394,GW,Guinea-Bissau,2023,2077816135,964.93,Low income,2025-08-21 19:04:59.865873
395,GY,Guyana,2019,5173760192,6405.82,Upper middle income,2025-08-21 19:04:59.865873
396,GY,Guyana,2020,5471256595,6775.71,Upper middle income,2025-08-21 19:04:59.865873
397,GY,Guyana,2021,8041362110,9860.87,Upper middle income,2025-08-21 19:04:59.865873
398,GY,Guyana,2022,14718388489,17913.49,High income,2025-08-21 19:04:59.865873
399,GY,Guyana,2023,16918503597,20473.70,High income,2025-08-21 19:04:59.865873
400,HK,"Hong Kong SAR, China",2019,363074545072,48359.00,High income,2025-08-21 19:04:59.865873
401,HK,"Hong Kong SAR, China",2020,344943149590,46109.23,High income,2025-08-21 19:04:59.865873
402,HK,"Hong Kong SAR, China",2021,368954169749,49770.56,High income,2025-08-21 19:04:59.865873
403,HK,"Hong Kong SAR, China",2022,358679533985,48825.84,High income,2025-08-21 19:04:59.865873
404,HK,"Hong Kong SAR, China",2023,381066399066,50565.46,High income,2025-08-21 19:04:59.865873
405,HN,Honduras,2019,24882225742,2502.33,Lower middle income,2025-08-21 19:04:59.865873
406,HN,Honduras,2020,23352232484,2307.61,Lower middle income,2025-08-21 19:04:59.865873
407,HN,Honduras,2021,28144331507,2735.15,Lower middle income,2025-08-21 19:04:59.865873
408,HN,Honduras,2022,31426041807,3003.29,Lower middle income,2025-08-21 19:04:59.865873
409,HN,Honduras,2023,34355805528,3227.46,Lower middle income,2025-08-21 19:04:59.865873
410,HR,Croatia,2019,61467582194,15563.82,High income,2025-08-21 19:04:59.865873
411,HR,Croatia,2020,57963370885,14808.46,High income,2025-08-21 19:04:59.865873
412,HR,Croatia,2021,69006802299,17789.93,High income,2025-08-21 19:04:59.865873
413,HR,Croatia,2022,71198635102,18466.10,High income,2025-08-21 19:04:59.865873
414,HR,Croatia,2023,84393795502,21865.46,High income,2025-08-21 19:04:59.865873
415,HT,Haiti,2019,15016090930,1352.17,Lower middle income,2025-08-21 19:04:59.865873
416,HT,Haiti,2020,14508222518,1290.33,Lower middle income,2025-08-21 19:04:59.865873
417,HT,Haiti,2021,20877414953,1835.44,Lower middle income,2025-08-21 19:04:59.865873
418,HT,Haiti,2022,20253551921,1760.63,Lower middle income,2025-08-21 19:04:59.865873
419,HT,Haiti,2023,19850585722,1705.76,Lower middle income,2025-08-21 19:04:59.865873
420,HU,Hungary,2019,164936682034,17012.86,High income,2025-08-21 19:04:59.865873
421,HU,Hungary,2020,158468487754,16386.93,High income,2025-08-21 19:04:59.865873
422,HU,Hungary,2021,183282685440,19030.63,High income,2025-08-21 19:04:59.865873
423,HU,Hungary,2022,177536698165,18483.64,High income,2025-08-21 19:04:59.865873
424,HU,Hungary,2023,214022571311,22312.18,High income,2025-08-21 19:04:59.865873
425,ID,Indonesia,2019,1119099871350,4106.95,Lower middle income,2025-08-21 19:04:59.865873
426,ID,Indonesia,2020,1059054842698,3853.70,Lower middle income,2025-08-21 19:04:59.865873
427,ID,Indonesia,2021,1186509691087,4287.17,Upper middle income,2025-08-21 19:04:59.865873
428,ID,Indonesia,2022,1319101183380,4730.83,Upper middle income,2025-08-21 19:04:59.865873
429,ID,Indonesia,2023,1371169301564,4876.31,Upper middle income,2025-08-21 19:04:59.865873
430,IE,Ireland,2019,407124824065,81810.19,High income,2025-08-21 19:04:59.865873
431,IE,Ireland,2020,436555518400,86622.51,High income,2025-08-21 19:04:59.865873
432,IE,Ireland,2021,531306516908,103961.98,High income,2025-08-21 19:04:59.865873
433,IE,Ireland,2022,548570250342,105234.51,High income,2025-08-21 19:04:59.865873
434,IE,Ireland,2023,551394889340,103887.80,High income,2025-08-21 19:04:59.865873
435,IL,Israel,2019,400645216359,44250.63,High income,2025-08-21 19:04:59.865873
436,IL,Israel,2020,410768352658,44575.57,High income,2025-08-21 19:04:59.865873
437,IL,Israel,2021,489851549972,52270.90,High income,2025-08-21 19:04:59.865873
438,IL,Israel,2022,525181008026,54949.62,High income,2025-08-21 19:04:59.865873
439,IL,Israel,2023,512184638999,52003.72,High income,2025-08-21 19:04:59.865873
440,IM,Isle of Man,2019,7314967866,87127.55,High income,2025-08-21 19:04:59.865873
441,IM,Isle of Man,2020,6684225641,79513.53,High income,2025-08-21 19:04:59.865873
442,IM,Isle of Man,2021,7931193222,94299.97,High income,2025-08-21 19:04:59.865873
443,IM,Isle of Man,2022,7431257411,88328.55,High income,2025-08-21 19:04:59.865873
444,IN,India,2019,2835606256558,2041.43,Lower middle income,2025-08-21 19:04:59.865873
445,IN,India,2020,2674851578587,1907.04,Lower middle income,2025-08-21 19:04:59.865873
446,IN,India,2021,3167270623260,2239.61,Lower middle income,2025-08-21 19:04:59.865873
447,IN,India,2022,3346107287731,2347.45,Lower middle income,2025-08-21 19:04:59.865873
448,IN,India,2023,3638489096034,2530.12,Lower middle income,2025-08-21 19:04:59.865873
449,IQ,Iraq,2019,233636097800,5671.86,Upper middle income,2025-08-21 19:04:59.865873
450,IQ,Iraq,2020,180898797517,4295.19,Upper middle income,2025-08-21 19:04:59.865873
451,IQ,Iraq,2021,209691945713,4868.49,Upper middle income,2025-08-21 19:04:59.865873
452,IQ,Iraq,2022,287372232138,6520.73,Upper middle income,2025-08-21 19:04:59.865873
453,IQ,Iraq,2023,268881051644,5965.32,Upper middle income,2025-08-21 19:04:59.865873
454,IR,"Iran, Islamic Rep.",2019,333519146339,3831.28,Lower middle income,2025-08-21 19:04:59.865873
455,IR,"Iran, Islamic Rep.",2020,262186179356,2988.78,Lower middle income,2025-08-21 19:04:59.865873
456,IR,"Iran, Islamic Rep.",2021,383436202447,4334.79,Upper middle income,2025-08-21 19:04:59.865873
457,IR,"Iran, Islamic Rep.",2022,394362621793,4405.09,Upper middle income,2025-08-21 19:04:59.865873
458,IR,"Iran, Islamic Rep.",2023,404625655076,4465.64,Upper middle income,2025-08-21 19:04:59.865873
459,IS,Iceland,2019,24681343649,68452.24,High income,2025-08-21 19:04:59.865873
460,IS,Iceland,2020,21629953194,59023.57,High income,2025-08-21 19:04:59.865873
461,IS,Iceland,2021,25770339317,69178.40,High income,2025-08-21 19:04:59.865873
462,IS,Iceland,2022,28696453180,75121.02,High income,2025-08-21 19:04:59.865873
463,IS,Iceland,2023,31452223862,79960.10,High income,2025-08-21 19:04:59.865873
464,IT,Italy,2019,2019606796584,33812.79,High income,2025-08-21 19:04:59.865873
465,IT,Italy,2020,1907481094079,32091.49,High income,2025-08-21 19:04:59.865873
466,IT,Italy,2021,2179207773596,36852.54,High income,2025-08-21 19:04:59.865873
467,IT,Italy,2022,2104067630319,35653.90,High income,2025-08-21 19:04:59.865873
468,IT,Italy,2023,2304605139863,39065.42,High income,2025-08-21 19:04:59.865873
469,JG,Channel Islands,2019,10032440899,60568.11,High income,2025-08-21 19:04:59.865873
470,JG,Channel Islands,2020,9439810769,56785.94,High income,2025-08-21 19:04:59.865873
471,JG,Channel Islands,2021,11157003026,66912.18,High income,2025-08-21 19:04:59.865873
472,JG,Channel Islands,2022,11308300382,67627.31,High income,2025-08-21 19:04:59.865873
473,JG,Channel Islands,2023,12507927160,74589.14,High income,2025-08-21 19:04:59.865873
474,JM,Jamaica,2019,15830766531,5607.24,Upper middle income,2025-08-21 19:04:59.865873
475,JM,Jamaica,2020,13812421836,4879.44,Upper middle income,2025-08-21 19:04:59.865873
476,JM,Jamaica,2021,14657586159,5165.34,Upper middle income,2025-08-21 19:04:59.865873
477,JM,Jamaica,2022,17097760687,6022.15,Upper middle income,2025-08-21 19:04:59.865873
478,JM,Jamaica,2023,19423355367,6839.73,Upper middle income,2025-08-21 19:04:59.865873
479,JO,Jordan,2019,44503006338,4170.11,Upper middle income,2025-08-21 19:04:59.865873
480,JO,Jordan,2020,43700383099,4022.04,Lower middle income,2025-08-21 19:04:59.865873
481,JO,Jordan,2021,46296100141,4183.50,Upper middle income,2025-08-21 19:04:59.865873
482,JO,Jordan,2022,48764963380,4332.25,Upper middle income,2025-08-21 19:04:59.865873
483,JO,Jordan,2023,51088476338,4466.08,Upper middle income,2025-08-21 19:04:59.865873
484,JP,Japan,2019,5117993853017,40415.96,High income,2025-08-21 19:04:59.865873
485,JP,Japan,2020,5054068005376,40028.73,High income,2025-08-21 19:04:59.865873
486,JP,Japan,2021,5039148168861,40094.56,High income,2025-08-21 19:04:59.865873
487,JP,Japan,2022,4262463317797,34065.64,High income,2025-08-21 19:04:59.865873
488,JP,Japan,2023,4213167237906,33836.18,High income,2025-08-21 19:04:59.865873
489,KE,Kenya,2019,100378436207,1960.41,Lower middle income,2025-08-21 19:04:59.865873
490,KE,Kenya,2020,100657505751,1927.66,Lower middle income,2025-08-21 19:04:59.865873
491,KE,Kenya,2021,109703658905,2061.36,Lower middle income,2025-08-21 19:04:59.865873
492,KE,Kenya,2022,114448978153,2109.56,Lower middle income,2025-08-21 19:04:59.865873
493,KE,Kenya,2023,108038588971,1952.30,Lower middle income,2025-08-21 19:04:59.865873
494,KG,Kyrgyz Republic,2019,9371275264,1422.00,Lower middle income,2025-08-21 19:04:59.865873
495,KG,Kyrgyz Republic,2020,8270468614,1229.52,Lower middle income,2025-08-21 19:04:59.865873
496,KG,Kyrgyz Republic,2021,9249133946,1350.00,Lower middle income,2025-08-21 19:04:59.865873
497,KG,Kyrgyz Republic,2022,12134931018,1739.72,Lower middle income,2025-08-21 19:04:59.865873
498,KG,Kyrgyz Republic,2023,15180842369,2138.22,Lower middle income,2025-08-21 19:04:59.865873
499,KH,Cambodia,2019,36685356408,2225.88,Lower middle income,2025-08-21 19:04:59.865873
500,KH,Cambodia,2020,34818073901,2081.74,Lower middle income,2025-08-21 19:04:59.865873
501,KH,Cambodia,2021,36790163687,2167.40,Lower middle income,2025-08-21 19:04:59.865873
502,KH,Cambodia,2022,39994532960,2325.03,Lower middle income,2025-08-21 19:04:59.865873
503,KH,Cambodia,2023,42335646896,2429.75,Lower middle income,2025-08-21 19:04:59.865873
504,KI,Kiribati,2019,216985388,1751.00,Lower middle income,2025-08-21 19:04:59.865873
505,KI,Kiribati,2020,220897999,1751.78,Lower middle income,2025-08-21 19:04:59.865873
506,KI,Kiribati,2021,285259894,2222.05,Lower middle income,2025-08-21 19:04:59.865873
507,KI,Kiribati,2022,270040457,2069.77,Lower middle income,2025-08-21 19:04:59.865873
508,KI,Kiribati,2023,288610732,2177.70,Lower middle income,2025-08-21 19:04:59.865873
509,KM,Comoros,2019,1195019531,1519.26,Lower middle income,2025-08-21 19:04:59.865873
510,KM,Comoros,2020,1225039196,1527.17,Lower middle income,2025-08-21 19:04:59.865873
511,KM,Comoros,2021,1299039312,1587.73,Lower middle income,2025-08-21 19:04:59.865873
512,KM,Comoros,2022,1279542248,1533.88,Lower middle income,2025-08-21 19:04:59.865873
513,KM,Comoros,2023,1430523436,1682.20,Lower middle income,2025-08-21 19:04:59.865873
514,KR,"Korea, Rep.",2019,1651422932448,31902.42,High income,2025-08-21 19:04:59.865873
515,KR,"Korea, Rep.",2020,1644312831906,31721.30,High income,2025-08-21 19:04:59.865873
516,KR,"Korea, Rep.",2021,1818432106880,35125.52,High income,2025-08-21 19:04:59.865873
517,KR,"Korea, Rep.",2022,1673916511800,32394.68,High income,2025-08-21 19:04:59.865873
518,KR,"Korea, Rep.",2023,1712792854202,33121.37,High income,2025-08-21 19:04:59.865873
519,KW,Kuwait,2019,140856394870,31707.87,High income,2025-08-21 19:04:59.865873
520,KW,Kuwait,2020,111045470461,25236.08,High income,2025-08-21 19:04:59.865873
521,KW,Kuwait,2021,148350671614,34018.63,High income,2025-08-21 19:04:59.865873
522,KW,Kuwait,2022,183502046669,39981.77,High income,2025-08-21 19:04:59.865873
523,KW,Kuwait,2023,165384407267,34075.85,High income,2025-08-21 19:04:59.865873
524,KY,Cayman Islands,2019,5941896608,88254.29,High income,2025-08-21 19:04:59.865873
525,KY,Cayman Islands,2020,5655358021,82338.80,High income,2025-08-21 19:04:59.865873
526,KY,Cayman Islands,2021,6060026520,86438.45,High income,2025-08-21 19:04:59.865873
527,KY,Cayman Islands,2022,6600843963,92202.15,High income,2025-08-21 19:04:59.865873
528,KY,Cayman Islands,2023,7139428558,97749.51,High income,2025-08-21 19:04:59.865873
529,KZ,Kazakhstan,2019,181667184855,9457.13,Upper middle income,2025-08-21 19:04:59.865873
530,KZ,Kazakhstan,2020,171082365861,8781.51,Upper middle income,2025-08-21 19:04:59.865873
531,KZ,Kazakhstan,2021,197112255361,9983.60,Upper middle income,2025-08-21 19:04:59.865873
532,KZ,Kazakhstan,2022,225496328925,11255.34,Upper middle income,2025-08-21 19:04:59.865873
533,KZ,Kazakhstan,2023,261840101060,12879.43,High income,2025-08-21 19:04:59.865873
534,LA,Lao PDR,2019,18740561513,2589.32,Lower middle income,2025-08-21 19:04:59.865873
535,LA,Lao PDR,2020,18981805250,2583.78,Lower middle income,2025-08-21 19:04:59.865873
536,LA,Lao PDR,2021,18827148531,2526.05,Lower middle income,2025-08-21 19:04:59.865873
537,LA,Lao PDR,2022,15468785204,2046.40,Lower middle income,2025-08-21 19:04:59.865873
538,LA,Lao PDR,2023,15843155731,2066.95,Lower middle income,2025-08-21 19:04:59.865873
539,LB,Lebanon,2019,51605959131,8905.88,Upper middle income,2025-08-21 19:04:59.865873
540,LB,Lebanon,2020,31712128254,5561.19,Upper middle income,2025-08-21 19:04:59.865873
541,LB,Lebanon,2021,23131941557,4045.37,Lower middle income,2025-08-21 19:04:59.865873
542,LB,Lebanon,2022,20992421949,3654.36,Lower middle income,2025-08-21 19:04:59.865873
543,LB,Lebanon,2023,20078620357,3477.72,Lower middle income,2025-08-21 19:04:59.865873
544,LI,Liechtenstein,2019,6436467007,166907.84,High income,2025-08-21 19:04:59.865873
545,LI,Liechtenstein,2020,6405870210,164671.09,High income,2025-08-21 19:04:59.865873
546,LI,Liechtenstein,2021,7912602342,201944.83,High income,2025-08-21 19:04:59.865873
547,LI,Liechtenstein,2022,7378156576,186821.88,High income,2025-08-21 19:04:59.865873
548,LI,Liechtenstein,2023,8287748667,207973.62,High income,2025-08-21 19:04:59.865873
549,LR,Liberia,2019,3319596500,658.16,Low income,2025-08-21 19:04:59.865873
550,LR,Liberia,2020,3176126300,616.79,Low income,2025-08-21 19:04:59.865873
551,LR,Liberia,2021,3513049500,667.97,Low income,2025-08-21 19:04:59.865873
552,LR,Liberia,2022,4001047000,744.62,Low income,2025-08-21 19:04:59.865873
553,LR,Liberia,2023,4390000000,799.19,Low income,2025-08-21 19:04:59.865873
554,LS,Lesotho,2019,2390702296,1082.06,Lower middle income,2025-08-21 19:04:59.865873
555,LS,Lesotho,2020,2053699870,918.58,Low income,2025-08-21 19:04:59.865873
556,LS,Lesotho,2021,2412130022,1066.59,Lower middle income,2025-08-21 19:04:59.865873
557,LS,Lesotho,2022,2354980884,1030.13,Low income,2025-08-21 19:04:59.865873
558,LS,Lesotho,2023,2117962430,916.28,Low income,2025-08-21 19:04:59.865873
559,LT,Lithuania,2019,55122066226,19608.79,High income,2025-08-21 19:04:59.865873
560,LT,Lithuania,2020,57412038533,20428.65,High income,2025-08-21 19:04:59.865873
561,LT,Lithuania,2021,67037321009,23870.46,High income,2025-08-21 19:04:59.865873
562,LT,Lithuania,2022,71033884500,25085.78,High income,2025-08-21 19:04:59.865873
563,LT,Lithuania,2023,79789877416,27786.01,High income,2025-08-21 19:04:59.865873
564,LU,Luxembourg,2019,69872035114,112696.65,High income,2025-08-21 19:04:59.865873
565,LU,Luxembourg,2020,73670782100,116860.03,High income,2025-08-21 19:04:59.865873
566,LU,Luxembourg,2021,86386759695,134965.82,High income,2025-08-21 19:04:59.865873
567,LU,Luxembourg,2022,80801680397,123719.66,High income,2025-08-21 19:04:59.865873
568,LU,Luxembourg,2023,87574021092,131407.68,High income,2025-08-21 19:04:59.865873
569,LV,Latvia,2019,33099503951,17294.98,High income,2025-08-21 19:04:59.865873
570,LV,Latvia,2020,33379927435,17564.23,High income,2025-08-21 19:04:59.865873
571,LV,Latvia,2021,38183326785,20261.89,High income,2025-08-21 19:04:59.865873
572,LV,Latvia,2022,38014713596,20227.23,High income,2025-08-21 19:04:59.865873
573,LV,Latvia,2023,42572151720,22675.58,High income,2025-08-21 19:04:59.865873
574,LY,Libya,2019,69254496472,9963.19,Upper middle income,2025-08-21 19:04:59.865873
575,LY,Libya,2020,46854285441,6650.34,Upper middle income,2025-08-21 19:04:59.865873
576,LY,Libya,2021,35217995647,4935.83,Upper middle income,2025-08-21 19:04:59.865873
577,LY,Libya,2022,43246297922,5986.64,Upper middle income,2025-08-21 19:04:59.865873
578,LY,Libya,2023,45096462972,6172.81,Upper middle income,2025-08-21 19:04:59.865873
579,MA,Morocco,2019,128920266409,3508.10,Lower middle income,2025-08-21 19:04:59.865873
580,MA,Morocco,2020,121353645057,3268.03,Lower middle income,2025-08-21 19:04:59.865873
581,MA,Morocco,2021,142022058447,3785.94,Lower middle income,2025-08-21 19:04:59.865873
582,MA,Morocco,2022,130951926351,3455.40,Lower middle income,2025-08-21 19:04:59.865873
583,MA,Morocco,2023,144417103250,3771.45,Lower middle income,2025-08-21 19:04:59.865873
584,MC,Monaco,2019,7383496254,193746.79,High income,2025-08-21 19:04:59.865873
585,MC,Monaco,2020,6730736283,176891.89,High income,2025-08-21 19:04:59.865873
586,MC,Monaco,2021,8623242743,223823.36,High income,2025-08-21 19:04:59.865873
587,MC,Monaco,2022,8800430486,226052.00,High income,2025-08-21 19:04:59.865873
588,MC,Monaco,2023,9995350547,256580.52,High income,2025-08-21 19:04:59.865873
589,MD,Moldova,2019,11736797055,4405.33,Upper middle income,2025-08-21 19:04:59.865873
590,MD,Moldova,2020,11530746234,4375.78,Upper middle income,2025-08-21 19:04:59.865873
591,MD,Moldova,2021,13691869264,5274.61,Upper middle income,2025-08-21 19:04:59.865873
592,MD,Moldova,2022,14525337524,5744.30,Upper middle income,2025-08-21 19:04:59.865873
593,MD,Moldova,2023,16711906746,6799.59,Upper middle income,2025-08-21 19:04:59.865873
594,ME,Montenegro,2019,5542054181,8842.49,Upper middle income,2025-08-21 19:04:59.865873
595,ME,Montenegro,2020,4769996866,7612.63,Upper middle income,2025-08-21 19:04:59.865873
596,ME,Montenegro,2021,5861427505,9377.49,Upper middle income,2025-08-21 19:04:59.865873
597,ME,Montenegro,2022,6229801581,9990.20,Upper middle income,2025-08-21 19:04:59.865873
598,ME,Montenegro,2023,7530593375,12077.37,Upper middle income,2025-08-21 19:04:59.865873
599,MG,Madagascar,2019,14104664679,499.82,Low income,2025-08-21 19:04:59.865873
600,MG,Madagascar,2020,13051441204,450.77,Low income,2025-08-21 19:04:59.865873
601,MG,Madagascar,2021,14354731964,483.47,Low income,2025-08-21 19:04:59.865873
602,MG,Madagascar,2022,15325603273,503.51,Low income,2025-08-21 19:04:59.865873
603,MG,Madagascar,2023,15869945478,508.72,Low income,2025-08-21 19:04:59.865873
604,MH,Marshall Islands,2019,232900000,5292.34,Upper middle income,2025-08-21 19:04:59.865873
605,MH,Marshall Islands,2020,241800000,5661.97,Upper middle income,2025-08-21 19:04:59.865873
606,MH,Marshall Islands,2021,258900000,6258.61,Upper middle income,2025-08-21 19:04:59.865873
607,MH,Marshall Islands,2022,253400000,6322.83,Upper middle income,2025-08-21 19:04:59.865873
608,MH,Marshall Islands,2023,259300000,6678.34,Upper middle income,2025-08-21 19:04:59.865873
609,MK,North Macedonia,2019,12606338449,6718.86,Upper middle income,2025-08-21 19:04:59.865873
610,MK,North Macedonia,2020,12361036914,6659.60,Upper middle income,2025-08-21 19:04:59.865873
611,MK,North Macedonia,2021,14000283827,7620.80,Upper middle income,2025-08-21 19:04:59.865873
612,MK,North Macedonia,2022,13932436550,7606.24,Upper middle income,2025-08-21 19:04:59.865873
613,MK,North Macedonia,2023,15763604288,8624.28,Upper middle income,2025-08-21 19:04:59.865873
614,ML,Mali,2019,20477421885,971.95,Low income,2025-08-21 19:04:59.865873
615,ML,Mali,2020,20698560939,953.24,Low income,2025-08-21 19:04:59.865873
616,ML,Mali,2021,22999245263,1027.27,Low income,2025-08-21 19:04:59.865873
617,ML,Mali,2022,22374051350,969.72,Low income,2025-08-21 19:04:59.865873
618,ML,Mali,2023,24621545565,1035.86,Low income,2025-08-21 19:04:59.865873
619,MM,Myanmar,2019,75065106228,1425.99,Lower middle income,2025-08-21 19:04:59.865873
620,MM,Myanmar,2020,79006113643,1490.22,Lower middle income,2025-08-21 19:04:59.865873
621,MM,Myanmar,2021,66345291160,1242.72,Lower middle income,2025-08-21 19:04:59.865873
622,MM,Myanmar,2022,62253049892,1158.05,Lower middle income,2025-08-21 19:04:59.865873
623,MM,Myanmar,2023,66757619000,1233.20,Lower middle income,2025-08-21 19:04:59.865873
624,MN,Mongolia,2019,14206359018,4347.55,Upper middle income,2025-08-21 19:04:59.865873
625,MN,Mongolia,2020,13312981429,4001.25,Lower middle income,2025-08-21 19:04:59.865873
626,MN,Mongolia,2021,15286441738,4517.62,Upper middle income,2025-08-21 19:04:59.865873
627,MN,Mongolia,2022,17146471714,4993.51,Upper middle income,2025-08-21 19:04:59.865873
628,MN,Mongolia,2023,20325121394,5838.63,Upper middle income,2025-08-21 19:04:59.865873
629,MO,"Macao SAR, China",2019,55082293844,81967.70,High income,2025-08-21 19:04:59.865873
630,MO,"Macao SAR, China",2020,25343525936,36976.26,High income,2025-08-21 19:04:59.865873
631,MO,"Macao SAR, China",2021,30969334705,45376.31,High income,2025-08-21 19:04:59.865873
632,MO,"Macao SAR, China",2022,24999113476,36909.96,High income,2025-08-21 19:04:59.865873
633,MO,"Macao SAR, China",2023,45803067940,67476.53,High income,2025-08-21 19:04:59.865873
634,MP,Northern Mariana Islands,2019,1179000000,24496.67,High income,2025-08-21 19:04:59.865873
635,MP,Northern Mariana Islands,2020,866000000,18220.84,High income,2025-08-21 19:04:59.865873
636,MP,Northern Mariana Islands,2021,914000000,19455.50,High income,2025-08-21 19:04:59.865873
637,MP,Northern Mariana Islands,2022,1096000000,23785.75,High income,2025-08-21 19:04:59.865873
638,MR,Mauritania,2019,7894764886,1767.07,Lower middle income,2025-08-21 19:04:59.865873
639,MR,Mauritania,2020,8260752385,1795.76,Lower middle income,2025-08-21 19:04:59.865873
640,MR,Mauritania,2021,9222536364,1947.79,Lower middle income,2025-08-21 19:04:59.865873
641,MR,Mauritania,2022,9557966698,1960.35,Lower middle income,2025-08-21 19:04:59.865873
642,MR,Mauritania,2023,10651709314,2120.82,Lower middle income,2025-08-21 19:04:59.865873
643,MT,Malta,2019,16337793531,32421.92,High income,2025-08-21 19:04:59.865873
644,MT,Malta,2020,16409900599,31833.60,High income,2025-08-21 19:04:59.865873
645,MT,Malta,2021,19723563355,38065.35,High income,2025-08-21 19:04:59.865873
646,MT,Malta,2022,19239187084,36224.28,High income,2025-08-21 19:04:59.865873
647,MT,Malta,2023,22210718401,40182.43,High income,2025-08-21 19:04:59.865873
648,MU,Mauritius,2019,14436346980,11403.25,Upper middle income,2025-08-21 19:04:59.865873
649,MU,Mauritius,2020,11408106446,9011.04,Upper middle income,2025-08-21 19:04:59.865873
650,MU,Mauritius,2021,11484348858,9068.97,Upper middle income,2025-08-21 19:04:59.865873
651,MU,Mauritius,2022,12907767790,10223.79,Upper middle income,2025-08-21 19:04:59.865873
652,MU,Mauritius,2023,14101195733,11182.19,Upper middle income,2025-08-21 19:04:59.865873
653,MV,Maldives,2019,5726094799,11740.27,Upper middle income,2025-08-21 19:04:59.865873
654,MV,Maldives,2020,3712604583,7393.89,Upper middle income,2025-08-21 19:04:59.865873
655,MV,Maldives,2021,5252457370,10176.14,Upper middle income,2025-08-21 19:04:59.865873
656,MV,Maldives,2022,6177118114,11786.01,Upper middle income,2025-08-21 19:04:59.865873
657,MV,Maldives,2023,6590894302,12530.36,Upper middle income,2025-08-21 19:04:59.865873
658,MW,Malawi,2019,11051865580,580.89,Low income,2025-08-21 19:04:59.865873
659,MW,Malawi,2020,11769313598,602.51,Low income,2025-08-21 19:04:59.865873
660,MW,Malawi,2021,12378129751,617.45,Low income,2025-08-21 19:04:59.865873
661,MW,Malawi,2022,12429060151,604.27,Low income,2025-08-21 19:04:59.865873
662,MW,Malawi,2023,12712150082,602.34,Low income,2025-08-21 19:04:59.865873
663,MX,Mexico,2019,1304106203902,10369.56,Upper middle income,2025-08-21 19:04:59.865873
664,MX,Mexico,2020,1121064767402,8841.27,Upper middle income,2025-08-21 19:04:59.865873
665,MX,Mexico,2021,1316569466735,10314.05,Upper middle income,2025-08-21 19:04:59.865873
666,MX,Mexico,2022,1466464899304,11402.14,Upper middle income,2025-08-21 19:04:59.865873
667,MX,Mexico,2023,1793798859343,13826.13,High income,2025-08-21 19:04:59.865873
668,MY,Malaysia,2019,365177721022,10920.19,Upper middle income,2025-08-21 19:04:59.865873
669,MY,Malaysia,2020,337456163961,9957.53,Upper middle income,2025-08-21 19:04:59.865873
670,MY,Malaysia,2021,373784823673,10903.11,Upper middle income,2025-08-21 19:04:59.865873
671,MY,Malaysia,2022,407605841348,11748.09,Upper middle income,2025-08-21 19:04:59.865873
672,MY,Malaysia,2023,399705137434,11379.09,Upper middle income,2025-08-21 19:04:59.865873
673,MZ,Mozambique,2019,15512759047,519.09,Low income,2025-08-21 19:04:59.865873
674,MZ,Mozambique,2020,14235420174,462.43,Low income,2025-08-21 19:04:59.865873
675,MZ,Mozambique,2021,16168055475,509.91,Low income,2025-08-21 19:04:59.865873
676,MZ,Mozambique,2022,18883528581,578.25,Low income,2025-08-21 19:04:59.865873
677,MZ,Mozambique,2023,20954220984,622.99,Low income,2025-08-21 19:04:59.865873
678,NA,Namibia,2019,12541928303,4731.92,Upper middle income,2025-08-21 19:04:59.865873
679,NA,Namibia,2020,10583748542,3878.59,Lower middle income,2025-08-21 19:04:59.865873
680,NA,Namibia,2021,12402486184,4412.84,Upper middle income,2025-08-21 19:04:59.865873
681,NA,Namibia,2022,12569449123,4349.80,Upper middle income,2025-08-21 19:04:59.865873
682,NA,Namibia,2023,12408271448,4187.61,Upper middle income,2025-08-21 19:04:59.865873
683,NC,New Caledonia,2019,9475655325,33411.34,High income,2025-08-21 19:04:59.865873
684,NC,New Caledonia,2020,9454629468,33270.33,High income,2025-08-21 19:04:59.865873
685,NC,New Caledonia,2021,10071349664,35311.55,High income,2025-08-21 19:04:59.865873
686,NC,New Caledonia,2022,9623318718,33516.36,High income,2025-08-21 19:04:59.865873
687,NE,Niger,2019,12889555561,561.69,Low income,2025-08-21 19:04:59.865873
688,NE,Niger,2020,13744653103,579.51,Low income,2025-08-21 19:04:59.865873
689,NE,Niger,2021,14915002436,608.72,Low income,2025-08-21 19:04:59.865873
690,NE,Niger,2022,15433852714,609.75,Low income,2025-08-21 19:04:59.865873
691,NE,Niger,2023,16698786973,638.34,Low income,2025-08-21 19:04:59.865873
692,NG,Nigeria,2019,474517490844,2265.16,Lower middle income,2025-08-21 19:04:59.865873
693,NG,Nigeria,2020,432198898468,2019.66,Lower middle income,2025-08-21 19:04:59.865873
694,NG,Nigeria,2021,440833635874,2017.27,Lower middle income,2025-08-21 19:04:59.865873
695,NG,Nigeria,2022,477403400101,2139.37,Lower middle income,2025-08-21 19:04:59.865873
696,NG,Nigeria,2023,363846332835,1596.64,Lower middle income,2025-08-21 19:04:59.865873
697,NI,Nicaragua,2019,12699023614,1958.62,Lower middle income,2025-08-21 19:04:59.865873
698,NI,Nicaragua,2020,12726422432,1938.45,Lower middle income,2025-08-21 19:04:59.865873
699,NI,Nicaragua,2021,14209020362,2138.39,Lower middle income,2025-08-21 19:04:59.865873
700,NI,Nicaragua,2022,15634572502,2322.89,Lower middle income,2025-08-21 19:04:59.865873
701,NI,Nicaragua,2023,17805842284,2609.44,Lower middle income,2025-08-21 19:04:59.865873
702,NL,Netherlands,2019,928903005576,53554.90,High income,2025-08-21 19:04:59.865873
703,NL,Netherlands,2020,932560861701,53467.93,High income,2025-08-21 19:04:59.865873
704,NL,Netherlands,2021,1054472123450,60141.99,High income,2025-08-21 19:04:59.865873
705,NL,Netherlands,2022,1046540797549,59123.32,High income,2025-08-21 19:04:59.865873
706,NL,Netherlands,2023,1154361305398,64572.01,High income,2025-08-21 19:04:59.865873
707,NO,Norway,2019,408742840909,76430.59,High income,2025-08-21 19:04:59.865873
708,NO,Norway,2020,367633418887,68340.02,High income,2025-08-21 19:04:59.865873
709,NO,Norway,2021,503367986030,93072.89,High income,2025-08-21 19:04:59.865873
710,NO,Norway,2022,596297651036,109269.52,High income,2025-08-21 19:04:59.865873
711,NO,Norway,2023,482949731777,87497.33,High income,2025-08-21 19:04:59.865873
712,NP,Nepal,2019,34186180699,1203.14,Lower middle income,2025-08-21 19:04:59.865873
713,NP,Nepal,2020,33433659301,1154.22,Lower middle income,2025-08-21 19:04:59.865873
714,NP,Nepal,2021,36924841394,1252.75,Lower middle income,2025-08-21 19:04:59.865873
715,NP,Nepal,2022,41182939601,1385.91,Lower middle income,2025-08-21 19:04:59.865873
716,NP,Nepal,2023,41047772331,1382.33,Lower middle income,2025-08-21 19:04:59.865873
717,NR,Nauru,2019,124871111,10776.83,Upper middle income,2025-08-21 19:04:59.865873
718,NR,Nauru,2020,124530027,10695.70,Upper middle income,2025-08-21 19:04:59.865873
719,NR,Nauru,2021,175513985,14989.66,High income,2025-08-21 19:04:59.865873
720,NR,Nauru,2022,152190819,12896.43,High income,2025-08-21 19:04:59.865873
721,NR,Nauru,2023,151455968,12754.19,High income,2025-08-21 19:04:59.865873
722,NZ,New Zealand,2019,213006341102,42779.23,High income,2025-08-21 19:04:59.865873
723,NZ,New Zealand,2020,213029554654,41850.92,High income,2025-08-21 19:04:59.865873
724,NZ,New Zealand,2021,253977931815,49689.50,High income,2025-08-21 19:04:59.865873
725,NZ,New Zealand,2022,249509991440,48760.04,High income,2025-08-21 19:04:59.865873
726,NZ,New Zealand,2023,255194972673,48654.90,High income,2025-08-21 19:04:59.865873
727,OE,OECD members,2019,54181531589082,39718.01,High income,2025-08-21 19:04:59.865873
728,OE,OECD members,2020,52999808975237,38704.98,High income,2025-08-21 19:04:59.865873
729,OE,OECD members,2021,59193139223745,43149.61,High income,2025-08-21 19:04:59.865873
730,OE,OECD members,2022,60744315658542,44046.43,High income,2025-08-21 19:04:59.865873
731,OE,OECD members,2023,64803502836723,46672.51,High income,2025-08-21 19:04:59.865873
732,OM,Oman,2019,88060858257,19180.19,High income,2025-08-21 19:04:59.865873
733,OM,Oman,2020,75909492848,16784.86,High income,2025-08-21 19:04:59.865873
734,OM,Oman,2021,87323797139,19403.46,High income,2025-08-21 19:04:59.865873
735,OM,Oman,2022,109852795839,23223.58,High income,2025-08-21 19:04:59.865873
736,OM,Oman,2023,105895708713,20972.48,High income,2025-08-21 19:04:59.865873
737,PF,French Polynesia,2019,6022276196,21582.59,High income,2025-08-21 19:04:59.865873
738,PF,French Polynesia,2020,5574821989,19966.48,High income,2025-08-21 19:04:59.865873
739,PF,French Polynesia,2021,6150640646,21982.90,High income,2025-08-21 19:04:59.865873
740,PF,French Polynesia,2022,5814661209,20738.65,High income,2025-08-21 19:04:59.865873
741,PF,French Polynesia,2023,6402221222,22774.14,High income,2025-08-21 19:04:59.865873
742,PK,Pakistan,2019,320909472771,1390.42,Lower middle income,2025-08-21 19:04:59.865873
743,PK,Pakistan,2020,300425609818,1278.40,Lower middle income,2025-08-21 19:04:59.865873
744,PK,Pakistan,2021,348516647445,1455.32,Lower middle income,2025-08-21 19:04:59.865873
745,PK,Pakistan,2022,374890295667,1538.32,Lower middle income,2025-08-21 19:04:59.865873
746,PK,Pakistan,2023,337885531778,1365.17,Lower middle income,2025-08-21 19:04:59.865873
747,PW,Palau,2019,281941600,15841.20,High income,2025-08-21 19:04:59.865873
748,PW,Palau,2020,258990800,14556.59,High income,2025-08-21 19:04:59.865873
749,PW,Palau,2021,235752900,13257.21,High income,2025-08-21 19:04:59.865873
750,PW,Palau,2022,255591100,14392.20,High income,2025-08-21 19:04:59.865873
751,PW,Palau,2023,281849100,15899.42,High income,2025-08-21 19:04:59.865873
752,S1,Small states,2019,230723882097,11958.51,Upper middle income,2025-08-21 19:04:59.865873
753,S1,Small states,2020,208338277478,10699.29,Upper middle income,2025-08-21 19:04:59.865873
754,S1,Small states,2021,243009421520,12369.06,Upper middle income,2025-08-21 19:04:59.865873
755,S1,Small states,2022,269954645297,13598.11,High income,2025-08-21 19:04:59.865873
756,S1,Small states,2023,285189556483,14222.97,High income,2025-08-21 19:04:59.865873
757,S2,Pacific island small states,2019,10712120597,4170.32,Upper middle income,2025-08-21 19:04:59.865873
758,S2,Pacific island small states,2020,9515415338,3666.09,Lower middle income,2025-08-21 19:04:59.865873
759,S2,Pacific island small states,2021,9581825674,3649.53,Lower middle income,2025-08-21 19:04:59.865873
760,S2,Pacific island small states,2022,10328388317,3888.63,Lower middle income,2025-08-21 19:04:59.865873
761,S2,Pacific island small states,2023,11168877227,4153.20,Upper middle income,2025-08-21 19:04:59.865873
762,S3,Caribbean small states,2019,61929300628,13938.20,High income,2025-08-21 19:04:59.865873
763,S3,Caribbean small states,2020,53180553803,11925.76,Upper middle income,2025-08-21 19:04:59.865873
764,S3,Caribbean small states,2021,61961705341,13833.31,High income,2025-08-21 19:04:59.865873
765,S3,Caribbean small states,2022,78054577760,17355.84,High income,2025-08-21 19:04:59.865873
766,S3,Caribbean small states,2023,79470143935,17582.26,High income,2025-08-21 19:04:59.865873
767,S4,Other small states,2019,158082460873,12871.17,High income,2025-08-21 19:04:59.865873
768,S4,Other small states,2020,145642308337,11728.95,Upper middle income,2025-08-21 19:04:59.865873
769,S4,Other small states,2021,171465890506,13671.46,High income,2025-08-21 19:04:59.865873
770,S4,Other small states,2022,181571679220,14298.10,High income,2025-08-21 19:04:59.865873
771,S4,Other small states,2023,194578375098,15151.47,High income,2025-08-21 19:04:59.865873
772,SV,El Salvador,2019,26881140000,4320.12,Upper middle income,2025-08-21 19:04:59.865873
773,SV,El Salvador,2020,24921190000,3997.19,Lower middle income,2025-08-21 19:04:59.865873
774,SV,El Salvador,2021,29043140000,4642.61,Upper middle income,2025-08-21 19:04:59.865873
775,SV,El Salvador,2022,31870120000,5074.60,Upper middle income,2025-08-21 19:04:59.865873
776,SV,El Salvador,2023,33853940000,5365.44,Upper middle income,2025-08-21 19:04:59.865873
777,SZ,Eswatini,2019,4616996145,3913.13,Lower middle income,2025-08-21 19:04:59.865873
778,SZ,Eswatini,2020,4120621325,3454.78,Lower middle income,2025-08-21 19:04:59.865873
779,SZ,Eswatini,2021,4785708166,3966.30,Lower middle income,2025-08-21 19:04:59.865873
780,SZ,Eswatini,2022,4741163885,3889.65,Lower middle income,2025-08-21 19:04:59.865873
781,SZ,Eswatini,2023,4604172127,3741.69,Lower middle income,2025-08-21 19:04:59.865873
782,T2,Latin America & the Caribbean (IDA & IBRD countries),2019,5413386525185,8654.95,Upper middle income,2025-08-21 19:04:59.865873
783,T2,Latin America & the Caribbean (IDA & IBRD countries),2020,4561756343150,7240.30,Upper middle income,2025-08-21 19:04:59.865873
784,T2,Latin America & the Caribbean (IDA & IBRD countries),2021,5313306131137,8382.43,Upper middle income,2025-08-21 19:04:59.865873
785,T2,Latin America & the Caribbean (IDA & IBRD countries),2022,6048473378742,9482.78,Upper middle income,2025-08-21 19:04:59.865873
786,T2,Latin America & the Caribbean (IDA & IBRD countries),2023,6804996162368,10593.12,Upper middle income,2025-08-21 19:04:59.865873
787,T3,"Middle East, North Africa, Afghanistan & Pakistan (IDA & IBRD)",2019,1802751521238,2667.56,Lower middle income,2025-08-21 19:04:59.865873
788,T3,"Middle East, North Africa, Afghanistan & Pakistan (IDA & IBRD)",2020,1633681676516,2375.47,Lower middle income,2025-08-21 19:04:59.865873
789,T3,"Middle East, North Africa, Afghanistan & Pakistan (IDA & IBRD)",2021,1897688738871,2712.78,Lower middle income,2025-08-21 19:04:59.865873
790,T3,"Middle East, North Africa, Afghanistan & Pakistan (IDA & IBRD)",2022,2113132495336,2970.11,Lower middle income,2025-08-21 19:04:59.865873
791,T3,"Middle East, North Africa, Afghanistan & Pakistan (IDA & IBRD)",2023,2021678672153,2792.71,Lower middle income,2025-08-21 19:04:59.865873
792,T4,East Asia & Pacific (IDA & IBRD countries),2019,17481802738366,8379.41,Upper middle income,2025-08-21 19:04:59.865873
793,T4,East Asia & Pacific (IDA & IBRD countries),2020,17783399412497,8485.42,Upper middle income,2025-08-21 19:04:59.865873
794,T4,East Asia & Pacific (IDA & IBRD countries),2021,21205315189717,10086.48,Upper middle income,2025-08-21 19:04:59.865873
795,T4,East Asia & Pacific (IDA & IBRD countries),2022,21536968352300,10220.36,Upper middle income,2025-08-21 19:04:59.865873
796,T4,East Asia & Pacific (IDA & IBRD countries),2023,21617377390319,10239.67,Upper middle income,2025-08-21 19:04:59.865873
797,T5,South Asia (IDA & IBRD),2019,3318484576527,2067.06,Lower middle income,2025-08-21 19:04:59.865873
798,T5,South Asia (IDA & IBRD),2020,3172770463749,1957.20,Lower middle income,2025-08-21 19:04:59.865873
799,T5,South Asia (IDA & IBRD),2021,3717045071833,2273.72,Lower middle income,2025-08-21 19:04:59.865873
800,T5,South Asia (IDA & IBRD),2022,3930640282535,2385.08,Lower middle income,2025-08-21 19:04:59.865873
801,T5,South Asia (IDA & IBRD),2023,4210278492153,2532.38,Lower middle income,2025-08-21 19:04:59.865873
802,T6,Sub-Saharan Africa (IDA & IBRD countries),2019,1843035420525,1617.67,Lower middle income,2025-08-21 19:04:59.865873
803,T6,Sub-Saharan Africa (IDA & IBRD countries),2020,1730702407679,1480.48,Lower middle income,2025-08-21 19:04:59.865873
804,T6,Sub-Saharan Africa (IDA & IBRD countries),2021,1943719394821,1621.10,Lower middle income,2025-08-21 19:04:59.865873
805,T6,Sub-Saharan Africa (IDA & IBRD countries),2022,2085278582815,1696.44,Lower middle income,2025-08-21 19:04:59.865873
806,T6,Sub-Saharan Africa (IDA & IBRD countries),2023,1991638429543,1580.79,Lower middle income,2025-08-21 19:04:59.865873
807,T7,Europe & Central Asia (IDA & IBRD countries),2019,4175891551193,9034.43,Upper middle income,2025-08-21 19:04:59.865873
808,T7,Europe & Central Asia (IDA & IBRD countries),2020,3916679848495,8456.58,Upper middle income,2025-08-21 19:04:59.865873
809,T7,Europe & Central Asia (IDA & IBRD countries),2021,4628696552015,9987.99,Upper middle income,2025-08-21 19:04:59.865873
810,T7,Europe & Central Asia (IDA & IBRD countries),2022,5263275218883,11410.44,Upper middle income,2025-08-21 19:04:59.865873
811,T7,Europe & Central Asia (IDA & IBRD countries),2023,5556261013140,12106.92,Upper middle income,2025-08-21 19:04:59.865873
812,TD,Chad,2019,14905517743,893.34,Low income,2025-08-21 19:04:59.865873
813,TD,Chad,2020,14932897821,866.95,Low income,2025-08-21 19:04:59.865873
814,TD,Chad,2021,16871937698,946.36,Low income,2025-08-21 19:04:59.865873
815,TD,Chad,2022,17828508290,966.04,Low income,2025-08-21 19:04:59.865873
816,TD,Chad,2023,19107685021,989.06,Low income,2025-08-21 19:04:59.865873
817,V1,Pre-demographic dividend,2019,1435723143391,1476.62,Lower middle income,2025-08-21 19:04:59.865873
818,V1,Pre-demographic dividend,2020,1318892160079,1320.71,Lower middle income,2025-08-21 19:04:59.865873
819,V1,Pre-demographic dividend,2021,1447970750254,1412.71,Lower middle income,2025-08-21 19:04:59.865873
820,V1,Pre-demographic dividend,2022,1658497791360,1577.72,Lower middle income,2025-08-21 19:04:59.865873
821,V1,Pre-demographic dividend,2023,1527124866811,1416.33,Lower middle income,2025-08-21 19:04:59.865873
822,V2,Early-demographic dividend,2019,11887904124497,3543.32,Lower middle income,2025-08-21 19:04:59.865873
823,V2,Early-demographic dividend,2020,11039712538107,3250.75,Lower middle income,2025-08-21 19:04:59.865873
824,V2,Early-demographic dividend,2021,12923331307988,3765.51,Lower middle income,2025-08-21 19:04:59.865873
825,V2,Early-demographic dividend,2022,14274765147165,4113.00,Lower middle income,2025-08-21 19:04:59.865873
826,V2,Early-demographic dividend,2023,15177810163173,4322.18,Upper middle income,2025-08-21 19:04:59.865873
827,V3,Late-demographic dividend,2019,23350735596984,10112.20,Upper middle income,2025-08-21 19:04:59.865873
828,V3,Late-demographic dividend,2020,22862413053120,9869.54,Upper middle income,2025-08-21 19:04:59.865873
829,V3,Late-demographic dividend,2021,27277869480237,11755.42,Upper middle income,2025-08-21 19:04:59.865873
830,V3,Late-demographic dividend,2022,28540512833863,12280.11,Upper middle income,2025-08-21 19:04:59.865873
831,V3,Late-demographic dividend,2023,28903171309925,12422.73,Upper middle income,2025-08-21 19:04:59.865873
832,V4,Post-demographic dividend,2019,51135209515081,45864.97,High income,2025-08-21 19:04:59.865873
833,V4,Post-demographic dividend,2020,50140341964134,44887.38,High income,2025-08-21 19:04:59.865873
834,V4,Post-demographic dividend,2021,55855082520061,50022.04,High income,2025-08-21 19:04:59.865873
835,V4,Post-demographic dividend,2022,57128680173110,51102.36,High income,2025-08-21 19:04:59.865873
836,V4,Post-demographic dividend,2023,60538844740702,53961.34,High income,2025-08-21 19:04:59.865873
837,XC,Euro area,2019,13587001830079,39212.51,High income,2025-08-21 19:04:59.865873
838,XC,Euro area,2020,13266853301192,38234.53,High income,2025-08-21 19:04:59.865873
839,XC,Euro area,2021,14918539971043,42967.26,High income,2025-08-21 19:04:59.865873
840,XC,Euro area,2022,14452407617090,41446.43,High income,2025-08-21 19:04:59.865873
841,XC,Euro area,2023,15787238118091,45068.70,High income,2025-08-21 19:04:59.865873
842,XD,High income,2019,57469453150147,41351.50,High income,2025-08-21 19:04:59.865873
843,XD,High income,2020,56044969561614,40219.14,High income,2025-08-21 19:04:59.865873
844,XD,High income,2021,62927771341458,45211.94,High income,2025-08-21 19:04:59.865873
845,XD,High income,2022,65248657227969,46655.16,High income,2025-08-21 19:04:59.865873
846,XD,High income,2023,68618756866832,48708.46,High income,2025-08-21 19:04:59.865873
847,XE,Heavily indebted poor countries (HIPC),2019,811925263666,984.57,Low income,2025-08-21 19:04:59.865873
848,XE,Heavily indebted poor countries (HIPC),2020,820678273819,968.07,Low income,2025-08-21 19:04:59.865873
849,XE,Heavily indebted poor countries (HIPC),2021,914476428986,1050.00,Lower middle income,2025-08-21 19:04:59.865873
850,XE,Heavily indebted poor countries (HIPC),2022,993480176910,1111.39,Lower middle income,2025-08-21 19:04:59.865873
851,XE,Heavily indebted poor countries (HIPC),2023,1076157234419,1173.17,Lower middle income,2025-08-21 19:04:59.865873
852,XF,IBRD only,2019,31581844372017,6517.95,Upper middle income,2025-08-21 19:04:59.865873
853,XF,IBRD only,2020,30426310945475,6236.68,Upper middle income,2025-08-21 19:04:59.865873
854,XF,IBRD only,2021,36134729389995,7366.11,Upper middle income,2025-08-21 19:04:59.865873
855,XF,IBRD only,2022,38173342857338,7745.39,Upper middle income,2025-08-21 19:04:59.865873
856,XF,IBRD only,2023,39445795860390,7964.74,Upper middle income,2025-08-21 19:04:59.865873
857,XG,IDA total,2019,2508626747858,1434.20,Lower middle income,2025-08-21 19:04:59.865873
858,XG,IDA total,2020,2457830370729,1374.49,Lower middle income,2025-08-21 19:04:59.865873
859,XG,IDA total,2021,2677283166005,1465.05,Lower middle income,2025-08-21 19:04:59.865873
860,XG,IDA total,2022,2895309495560,1551.17,Lower middle income,2025-08-21 19:04:59.865873
861,XG,IDA total,2023,2823136614120,1480.94,Lower middle income,2025-08-21 19:04:59.865873
862,XH,IDA blend,2019,1153206654635,1878.13,Lower middle income,2025-08-21 19:04:59.865873
863,XH,IDA blend,2020,1087140198998,1735.43,Lower middle income,2025-08-21 19:04:59.865873
864,XH,IDA blend,2021,1187113707177,1857.20,Lower middle income,2025-08-21 19:04:59.865873
865,XH,IDA blend,2022,1279359771603,1962.52,Lower middle income,2025-08-21 19:04:59.865873
866,XH,IDA blend,2023,1149351628082,1729.92,Lower middle income,2025-08-21 19:04:59.865873
867,XI,IDA only,2019,1355420093223,1194.07,Lower middle income,2025-08-21 19:04:59.865873
868,XI,IDA only,2020,1370690171731,1179.87,Lower middle income,2025-08-21 19:04:59.865873
869,XI,IDA only,2021,1490169458828,1254.10,Lower middle income,2025-08-21 19:04:59.865873
870,XI,IDA only,2022,1615949723957,1330.40,Lower middle income,2025-08-21 19:04:59.865873
871,XI,IDA only,2023,1673784986038,1347.75,Lower middle income,2025-08-21 19:04:59.865873
872,XJ,Latin America & Caribbean (excluding high income),2019,4739266496719,8266.47,Upper middle income,2025-08-21 19:04:59.865873
873,XJ,Latin America & Caribbean (excluding high income),2020,3984427319011,6892.38,Upper middle income,2025-08-21 19:04:59.865873
874,XJ,Latin America & Caribbean (excluding high income),2021,4629099312242,7955.36,Upper middle income,2025-08-21 19:04:59.865873
875,XJ,Latin America & Caribbean (excluding high income),2022,5325687016147,9093.65,Upper middle income,2025-08-21 19:04:59.865873
876,XJ,Latin America & Caribbean (excluding high income),2023,5997364907507,10166.93,Upper middle income,2025-08-21 19:04:59.865873
877,XK,Kosovo,2019,7899737577,4416.00,Upper middle income,2025-08-21 19:04:59.865873
878,XK,Kosovo,2020,7717145218,4310.89,Upper middle income,2025-08-21 19:04:59.865873
879,XK,Kosovo,2021,9413403724,5270.43,Upper middle income,2025-08-21 19:04:59.865873
880,XK,Kosovo,2022,9354903062,5290.95,Upper middle income,2025-08-21 19:04:59.865873
881,XK,Kosovo,2023,10468220307,6221.20,Upper middle income,2025-08-21 19:04:59.865873
882,XL,Least developed countries: UN classification,2019,1168244060712,1104.19,Lower middle income,2025-08-21 19:04:59.865873
883,XL,Least developed countries: UN classification,2020,1179759976007,1088.70,Lower middle income,2025-08-21 19:04:59.865873
884,XL,Least developed countries: UN classification,2021,1288339633534,1161.53,Lower middle income,2025-08-21 19:04:59.865873
885,XL,Least developed countries: UN classification,2022,1445223560465,1273.79,Lower middle income,2025-08-21 19:04:59.865873
886,XL,Least developed countries: UN classification,2023,1455944373212,1254.23,Lower middle income,2025-08-21 19:04:59.865873
887,XM,Low income,2019,356930361600,654.94,Low income,2025-08-21 19:04:59.865873
888,XM,Low income,2020,340851227779,607.96,Low income,2025-08-21 19:04:59.865873
889,XM,Low income,2021,370630013363,643.37,Low income,2025-08-21 19:04:59.865873
890,XM,Low income,2022,427939606203,723.50,Low income,2025-08-21 19:04:59.865873
891,XM,Low income,2023,423723013876,697.17,Low income,2025-08-21 19:04:59.865873
892,XN,Lower middle income,2019,6308107724477,2153.95,Lower middle income,2025-08-21 19:04:59.865873
893,XN,Lower middle income,2020,6110254911277,2058.43,Lower middle income,2025-08-21 19:04:59.865873
894,XN,Lower middle income,2021,6921716347321,2302.45,Lower middle income,2025-08-21 19:04:59.865873
895,XN,Lower middle income,2022,7377558874200,2424.15,Lower middle income,2025-08-21 19:04:59.865873
896,XN,Lower middle income,2023,7530591347605,2443.41,Lower middle income,2025-08-21 19:04:59.865873
897,XO,Low & middle income,2019,30622477245854,4904.42,Upper middle income,2025-08-21 19:04:59.865873
898,XO,Low & middle income,2020,29667488251108,4698.52,Upper middle income,2025-08-21 19:04:59.865873
899,XO,Low & middle income,2021,34992770913888,5485.92,Upper middle income,2025-08-21 19:04:59.865873
900,XO,Low & middle income,2022,36712853300729,5702.28,Upper middle income,2025-08-21 19:04:59.865873
901,XO,Low & middle income,2023,37824423052001,5819.84,Upper middle income,2025-08-21 19:04:59.865873
902,XP,Middle income,2019,30263574824889,5310.45,Upper middle income,2025-08-21 19:04:59.865873
903,XP,Middle income,2020,29324478257136,5096.74,Upper middle income,2025-08-21 19:04:59.865873
904,XP,Middle income,2021,34618128912440,5966.00,Upper middle income,2025-08-21 19:04:59.865873
905,XP,Middle income,2022,36282529025324,6205.55,Upper middle income,2025-08-21 19:04:59.865873
906,XP,Middle income,2023,37397441616316,6347.75,Upper middle income,2025-08-21 19:04:59.865873
907,XQ,"Middle East, North Africa, Afghanistan & Pakistan (excluding high income)",2019,1819885021238,2674.37,Lower middle income,2025-08-21 19:04:59.865873
908,XQ,"Middle East, North Africa, Afghanistan & Pakistan (excluding high income)",2020,1649213376516,2381.43,Lower middle income,2025-08-21 19:04:59.865873
909,XQ,"Middle East, North Africa, Afghanistan & Pakistan (excluding high income)",2021,1915797738871,2719.53,Lower middle income,2025-08-21 19:04:59.865873
910,XQ,"Middle East, North Africa, Afghanistan & Pakistan (excluding high income)",2022,2132297995336,2975.96,Lower middle income,2025-08-21 19:04:59.865873
911,XQ,"Middle East, North Africa, Afghanistan & Pakistan (excluding high income)",2023,2039526572153,2797.41,Lower middle income,2025-08-21 19:04:59.865873
912,XT,Upper middle income,2019,23955467100412,8647.40,Upper middle income,2025-08-21 19:04:59.865873
913,XT,Upper middle income,2020,23214223345859,8334.91,Upper middle income,2025-08-21 19:04:59.865873
914,XT,Upper middle income,2021,27697767122738,9905.06,Upper middle income,2025-08-21 19:04:59.865873
915,XT,Upper middle income,2022,28905818138526,10310.87,Upper middle income,2025-08-21 19:04:59.865873
916,XT,Upper middle income,2023,29868066574997,10631.32,Upper middle income,2025-08-21 19:04:59.865873
917,XU,North America,2019,23291130648673,63306.80,High income,2025-08-21 19:04:59.865873
918,XU,North America,2020,23016677094000,62262.64,High income,2025-08-21 19:04:59.865873
919,XU,North America,2021,25710839785423,69412.91,High income,2025-08-21 19:04:59.865873
920,XU,North America,2022,28205178461134,75613.45,High income,2025-08-21 19:04:59.865873
921,XU,North America,2023,29902627912064,79326.91,High income,2025-08-21 19:04:59.865873
922,Z4,East Asia & Pacific,2019,27322078215458,11578.27,Upper middle income,2025-08-21 19:04:59.865873
923,Z4,East Asia & Pacific,2020,27474338351594,11595.29,Upper middle income,2025-08-21 19:04:59.865873
924,Z4,East Asia & Pacific,2021,31548481959791,13282.76,High income,2025-08-21 19:04:59.865873
925,Z4,East Asia & Pacific,2022,31135994741903,13084.28,High income,2025-08-21 19:04:59.865873
926,Z4,East Asia & Pacific,2023,31279384293040,13117.91,High income,2025-08-21 19:04:59.865873
927,Z7,Europe & Central Asia,2019,23032792622188,24975.42,High income,2025-08-21 19:04:59.865873
928,Z7,Europe & Central Asia,2020,22287615625569,24121.48,High income,2025-08-21 19:04:59.865873
929,Z7,Europe & Central Asia,2021,25513859723979,27591.41,High income,2025-08-21 19:04:59.865873
930,Z7,Europe & Central Asia,2022,25700849227224,27782.86,High income,2025-08-21 19:04:59.865873
931,Z7,Europe & Central Asia,2023,27617157896730,29835.72,High income,2025-08-21 19:04:59.865873
932,ZF,Sub-Saharan Africa (excluding high income),2019,1745254110181,1705.21,Lower middle income,2025-08-21 19:04:59.865873
933,ZF,Sub-Saharan Africa (excluding high income),2020,1621662123503,1544.44,Lower middle income,2025-08-21 19:04:59.865873
934,ZF,Sub-Saharan Africa (excluding high income),2021,1830970332357,1700.42,Lower middle income,2025-08-21 19:04:59.865873
935,ZF,Sub-Saharan Africa (excluding high income),2022,1956487528375,1772.66,Lower middle income,2025-08-21 19:04:59.865873
936,ZF,Sub-Saharan Africa (excluding high income),2023,1825737943162,1614.14,Lower middle income,2025-08-21 19:04:59.865873
937,ZG,Sub-Saharan Africa,2019,1843035420525,1617.67,Lower middle income,2025-08-21 19:04:59.865873
938,ZG,Sub-Saharan Africa,2020,1730702407679,1480.48,Lower middle income,2025-08-21 19:04:59.865873
939,ZG,Sub-Saharan Africa,2021,1943719394821,1621.10,Lower middle income,2025-08-21 19:04:59.865873
940,ZG,Sub-Saharan Africa,2022,2085278582815,1696.44,Lower middle income,2025-08-21 19:04:59.865873
941,ZG,Sub-Saharan Africa,2023,1991638429543,1580.79,Lower middle income,2025-08-21 19:04:59.865873
942,ZH,Africa Eastern and Southern,2019,1009746517725,1493.82,Lower middle income,2025-08-21 19:04:59.865873
943,ZH,Africa Eastern and Southern,2020,933407232177,1344.10,Lower middle income,2025-08-21 19:04:59.865873
944,ZH,Africa Eastern and Southern,2021,1085604883590,1522.39,Lower middle income,2025-08-21 19:04:59.865873
945,ZH,Africa Eastern and Southern,2022,1191638638185,1628.32,Lower middle income,2025-08-21 19:04:59.865873
946,ZH,Africa Eastern and Southern,2023,1176909900789,1568.16,Lower middle income,2025-08-21 19:04:59.865873
947,ZI,Africa Western and Central,2019,833288902800,1798.34,Lower middle income,2025-08-21 19:04:59.865873
948,ZI,Africa Western and Central,2020,797295175502,1680.04,Lower middle income,2025-08-21 19:04:59.865873
949,ZI,Africa Western and Central,2021,858114511231,1765.95,Lower middle income,2025-08-21 19:04:59.865873
950,ZI,Africa Western and Central,2022,893639944630,1796.67,Lower middle income,2025-08-21 19:04:59.865873
951,ZI,Africa Western and Central,2023,814728528754,1599.39,Lower middle income,2025-08-21 19:04:59.865873
952,ZJ,Latin America & Caribbean,2019,5659843769808,8830.23,Upper middle income,2025-08-21 19:04:59.865873
953,ZJ,Latin America & Caribbean,2020,4805921371470,7445.30,Upper middle income,2025-08-21 19:04:59.865873
954,ZJ,Latin America & Caribbean,2021,5581814290256,8597.53,Upper middle income,2025-08-21 19:04:59.865873
955,ZJ,Latin America & Caribbean,2022,6345587523481,9716.03,Upper middle income,2025-08-21 19:04:59.865873
956,ZJ,Latin America & Caribbean,2023,7127804705256,10838.83,Upper middle income,2025-08-21 19:04:59.865873
957,ZQ,"Middle East, North Africa, Afghanistan & Pakistan",2019,3989483215534,5371.49,Upper middle income,2025-08-21 19:04:59.865873
958,ZQ,"Middle East, North Africa, Afghanistan & Pakistan",2020,3561019804743,4707.82,Upper middle income,2025-08-21 19:04:59.865873
959,ZQ,"Middle East, North Africa, Afghanistan & Pakistan",2021,4279459402701,5575.27,Upper middle income,2025-08-21 19:04:59.865873
960,ZQ,"Middle East, North Africa, Afghanistan & Pakistan",2022,4994047685350,6383.40,Upper middle income,2025-08-21 19:04:59.865873
961,ZQ,"Middle East, North Africa, Afghanistan & Pakistan",2023,4837112081493,6063.05,Upper middle income,2025-08-21 19:04:59.865873
962,ZT,IDA & IBRD total,2019,34090818723703,5169.58,Upper middle income,2025-08-21 19:04:59.865873
963,ZT,IDA & IBRD total,2020,32884865747902,4932.65,Upper middle income,2025-08-21 19:04:59.865873
964,ZT,IDA & IBRD total,2021,38810576219569,5764.26,Upper middle income,2025-08-21 19:04:59.865873
965,ZT,IDA & IBRD total,2022,41067771533156,6043.78,Upper middle income,2025-08-21 19:04:59.865873
966,ZT,IDA & IBRD total,2023,42266419240094,6162.31,Upper middle income,2025-08-21 19:04:59.865873